ANO,SETOR_ATIV,Receitas,Distribuição,Pessoal,Governo,RCT,RCP
2009,Agricultura (Açúcar Álcool e Cana),1178774,335927,117000,29302,231024,-41399
2009,Alimentos,73402223.23,18470358.17,7853605.51,4258166.14,5262482.22,955376.3
2009,Arrendamento Mercantil,153.5,81.77,34.17,14.23,34.93,-1.56
2009,Bancos,182556121,73327281,23903107,23378247,1564789,24481138
2009,Bebidas e Fumo,44284500,28014124,3168708,15950457,1421709,7473250
2009,Bolsas de Valores/Mercadorias e Futuros,10011386,3014123,699871,499995,1363893,25878
2009,Brinquedos e Lazer,624247,266992,86122,69092,172419,-60641
2009,Comunicação e Informática,9577223.98,4721504.24,2430077.5,1272697.23,431838.04,581268.47
2009,Comércio (Atacado e Varejo),67853607.66,20211654.83,4860226.94,7421387.98,4173786.29,3752188.62
2009,Construção Civil Mat. Constr. e Decoração,35481861.19,13334980.96,2867779.19,3516366.52,2184865.28,4765398.97
2009,Crédito Imobiliário,260336,173106,46256,53041,26703,47106
2009,Educação,2603002.37,2010792.55,1121169.53,361914.86,327084.27,200623.89
2009,Embalagens,3223436,1218105,307115,363510,308716,238764
2009,Energia Elétrica,185150055,106363798,13337644,52557618,20754438,17840321
2009,Extração Mineral,83388196,26418782,6861905,7124128,-150526,12583275
2009,Farmacêutico e Higiene,9649611,4280483,983759,1629247,305491,1361986
2009,Gráficas e Editoras,1184729,594865,197563,218164,66771,112367
2009,Hospedagem e Turismo,226527,117406,49346,26865,44961,-3447
2009,Intermediação Financeira,46395675,17512082,4293695,6808449,377455,6032483
2009,Metalurgia e Siderurgia,114127029.46,34673219.61,11010733.59,11155373.88,4471645.58,7337848.56
2009,Máquinas Equipamentos Veículos e Peças,41499240.6,15183643.82,5666177.18,4310397.82,2938207.42,2239690.4
2009,Papel e Celulose,24203893,12251352,1996801,2599834,2924377,4730340
2009,Petroquímicos e Borracha,32453879,4760203,1242789,3054766,907528,-444880
2009,Petróleo e Gás,329426064,142133617,16598580,80709301,11042853,33782883
2009,Saneamento Serv. Água e Gás,11734507.59,6313056.02,2103400.9,1899499.58,269818.05,2040337.49
2009,Securitização de Recebíveis,57816,26286,3528,7982,9912,4864
2009,Seguradoras e Corretoras,17446774,5081320,1233027,1478105,216237,2153951
2009,Sem Setor Principal,20451624.06,10447013.87,1606779,4961571.4,2147930.81,1690213.65
2009,Serviços Médicos,8269558,2606497,1155644,624432,451624,372767
2009,Serviços Transporte e Logística,45493961.72,25210703.54,6296797.58,5340269.24,9112120.92,3700512.8
2009,Telecomunicações,300821706,146071931.11,15385992,75412220.27,26406122.96,27724281.88
2009,Têxtil e Vestuário,24473083.34,8687493.73,3909394.82,2496858.14,916329.81,1078122.96
2010,Agricultura (Açúcar Álcool e Cana),1534240,460803,144928,216477,93169,925
2010,Alimentos,110282144.38,28909816.25,13231590.71,6310944.89,8576758.2,679663.44
2010,Arrendamento Mercantil,97.99,75.07,3.42,14.4,13.17,44.08
2010,Bancos,317009197,120345775,41434091,36111017,2659996,40140671
2010,Bebidas e Fumo,52461971,35420780,4420828,20713578,1216997,9069377
2010,Bolsas de Valores/Mercadorias e Futuros,7827797,3516445,664361,770188,1396108,280275
2010,Brinquedos e Lazer,1032449,557083,77380,225111,133394,121198
2010,Comunicação e Informática,10602754,5317657.12,2808740.94,1506328.48,403154.68,588029.01
2010,Comércio (Atacado e Varejo),85108832.44,23060063.74,6049881.38,7787952.36,5730955.12,3485789.88
2010,Construção Civil Mat. Constr. e Decoração,51646742.21,18879812.98,3643964.03,5285452.53,3161921.13,6787011.28
2010,Crédito Imobiliário,473679,310872,64226,88617,23251,134778
2010,Educação,2917816.21,2245478.28,1291218.41,298317.57,399663.88,256278.41
2010,Embalagens,3674995,1245345,384541,430356,240439,186191
2010,Energia Elétrica,203256635,113700440,13491282,59332114,19139068,19666442
2010,Extração Mineral,136545939,64081220,7729212,13514285,5492138,37345585
2010,Farmacêutico e Higiene,12135725,4936832,1351400,2034775,551440,999217
2010,Gráficas e Editoras,1384063,676349,252216,204854,116961,102318
2010,Hospedagem e Turismo,252492,106736,62366,27762,41315,-24893
2010,Intermediação Financeira,50141112,18321979,4904502,6444819,359792,6591419
2010,Metalurgia e Siderurgia,133058379.07,44247857.28,12785323.15,12506842.89,8382378.92,7302411.32
2010,Máquinas Equipamentos Veículos e Peças,48431900.37,18836233.67,6753336.27,5711455.18,2848423.61,3505019.6
2010,Papel e Celulose,26389189,10854051,2133773,1667640,4382418,2670220
2010,Petroquímicos e Borracha,46648116,10187894,1677893,2916188,2623545,2970268
2010,Petróleo e Gás,385936183,162859137,19767646,91659336,14853011,36579144
2010,Saneamento Serv. Água e Gás,12673649.84,7443471.93,1935174.43,2153745.8,1042445,2312106.69
2010,Securitização de Recebíveis,70537.89,42286.05,8383,10052.5,5777.77,18072.78
2010,Seguradoras e Corretoras,17670828,5828272,1383464,1955017,234169,2255622
2010,Sem Setor Principal,6898694,5350910.27,1041917,1262776.11,1515955.3,1497233.86
2010,Serviços Médicos,12043041,3890600,1574235,893320,809720,607586
2010,Serviços Transporte e Logística,48658444.05,25315273.78,5983195.57,5851445.65,9582054.21,3660099.34
2010,Telecomunicações,289968658,140339600.15,16815266,77217038.72,28405230.27,17284772.16
2010,Têxtil e Vestuário,26739926.67,10332424.89,4429451.83,3191783.45,1162708.69,1353936.92
2011,Agricultura (Açúcar Álcool e Cana),33305744,7558904,1501831,3161753,1549938,1342166
2011,Alimentos,127858823,33085190,14513333,6509292,10487329,1426914
2011,Arrendamento Mercantil,13955,8265,7678,1781,21872,-23066
2011,Bancos,412028988,131074793,48230195,29864664,3133545,44999624
2011,Bebidas e Fumo,56041527,37658966,3274692,22643954,1416538,10323782
2011,Bolsas de Valores/Mercadorias e Futuros,4582887,1852790,621188,784898,934368,-847966
2011,Brinquedos e Lazer,952045,395881,71199,215981,90552,18149
2011,Comunicação e Informática,9212980.38,4933882.54,3093795.5,1234920.92,440354.77,150621.35
2011,Comércio (Atacado e Varejo),120578803.02,31549903.51,11265633.34,8493842.46,9630855.62,2159572.1
2011,Construção Civil Mat. Constr. e Decoração,52581360.97,16438774.8,3865275.52,5074154.51,4287387.64,3210947.14
2011,Crédito Imobiliário,452264,279480,85633,83848,24697,83972
2011,Educação,3392651.23,2578320.4,1516703.29,401771.9,489423.63,170421.57
2011,Embalagens,1628095,685037,148485,177840,247641,105820
2011,Energia Elétrica,215573101,125437522,14502983,65143898,22264146,22849567
2011,Extração Mineral,142911282,78558443,8186786,13836340,10626403,45908914
2011,Farmacêutico e Higiene,14298403,5761991,1625756,2048121,1308079,780035
2011,Gráficas e Editoras,1796399,976708,338774,281224,202492,154218
2011,Hospedagem e Turismo,333798,113115,69741,29781,53263,-36323
2011,Intermediação Financeira,55437640,17410436,3831571,5335514,608497,7634854
2011,Metalurgia e Siderurgia,143996790.13,51693242.01,14571832.8,10766096.64,14986476.93,8499387.64
2011,Máquinas Equipamentos Veículos e Peças,52278718,19181074,7707038,5369690,3602350,2497715
2011,Papel e Celulose,25303256.14,10416896.23,2275903.95,322425.95,8440492.01,-621925.68
2011,Petroquímicos e Borracha,49506471,7057770,1317237,1815079,4541330,-618594
2011,Petróleo e Gás,433249276,185196865,21890776,105770343,24315606,33128003
2011,Saneamento Serv. Água e Gás,14202378,7702742,2408616,2010262,1574826,1709038
2011,Securitização de Recebíveis,39270,27856,10489,6370,0,10997
2011,Seguradoras e Corretoras,20297108,6687136,1714416,2078994,307468,2586258
2011,Sem Setor Principal,6722406,5011432.39,912382,906165.9,2047113.92,1121339.57
2011,Serviços Médicos,14713179,4724254,1904525,1278625,935764,602477
2011,Serviços Transporte e Logística,76655174.26,33500481.08,8167180.94,8683848.14,13876211.88,3442728.12
2011,Telecomunicações,227176538,113916847.17,13848371,63467748.54,25282079.79,10710527.85
2011,Têxtil e Vestuário,26770548.19,10154831.37,4769545.31,3684995.54,1720628,-267058.48
2012,Agricultura (Açúcar Álcool e Cana),33452037.78,9369504.05,1487909.88,2513791.61,2560370.02,2803780.55
2012,Alimentos,149392177,34157422,15950011,6826458,9868145,1330491
2012,Bancos,395734396,134029686,51641244,33158381,3476088,45156542
2012,Bebidas e Fumo,64990605,43377506,3577070,25730938,1784354,12285144
2012,Bolsas de Valores/Mercadorias e Futuros,2604240,2270566,431902,858136,641347,339179
2012,Brinquedos e Lazer,1068963,256935,79953,162754,64248,-50020
2012,Comunicação e Informática,10401682.89,5716681.43,3657404.29,1205947.45,508355.39,344974.29
2012,Comércio (Atacado e Varejo),136899396.46,38235653.31,12509464.51,10827206.12,10671385.27,4227597.41
2012,Construção Civil Mat. Constr. e Decoração,50142769.64,13959847.47,4531808,4548650.99,4145664.17,823972.31
2012,Crédito Imobiliário,306341,153994,94245,52368,22569,-15686
2012,Educação,5025741.13,3842494.45,1978475.19,609848.69,706943.05,547227.52
2012,Embalagens,2731781,1163152,278237,296285,245629,340070
2012,Energia Elétrica,231955872,94902717,15481302,58222184,18906772,1419710
2012,Extração Mineral,129578025,36564196,9691192,5233162,11559826,10080016
2012,Farmacêutico e Higiene,17608746,6724499,2053097,2349423,1316420,1005559
2012,Gráficas e Editoras,1979913,1129226,403805,334001,195771,195649
2012,Hospedagem e Turismo,1070249,611635,227173,123978,279226,-15254
2012,Intermediação Financeira,55094547,18624784,3954945,6222912,625644,7813114
2012,Metalurgia e Siderurgia,147953834.78,39557880.05,16791715.04,10033018.26,12259383.26,-1539704.51
2012,Máquinas Equipamentos Veículos e Peças,59262702,20648852,9431387,5521206,4428082,1256281
2012,Papel e Celulose,29334394,9436480,2700561,667829,6425078,-356988
2012,Petroquímicos e Borracha,54213448,6904479,1408403,1225548,4988046,-1069669
2012,Petróleo e Gás,486759041,187132425,25216601,106129900,35543378,20242546
2012,Saneamento Serv. Água e Gás,15776500,8473341,2482313,2290363,1290997,2409668
2012,Securitização de Recebíveis,25011,18952,6304,4430,0,8218
2012,Seguradoras e Corretoras,17194131,4923258,1757228,1563990,283738,1318302
2012,Sem Setor Principal,9255182,7413380.43,994810,1528924,2296105.65,2535417.78
2012,Serviços Médicos,17037866,4547907,2140980,1308957,865468,228878
2012,Serviços Transporte e Logística,50983738.69,23263240.53,5908842.86,6278543.87,8273030.27,4291524.53
2012,Telecomunicações,210533070,109612860.53,16458465,59448245,23660630.7,8680577.84
2012,Têxtil e Vestuário,29836159.95,11789368.12,4952864.04,3758920.49,2129901.22,884632.37
2013,Agricultura (Açúcar Álcool e Cana),27549898,9005012,3004881,1808912,4204595,-13376
2013,Alimentos,174741252,44026549,18229561,8261323,15842355,1459774
2013,Bancos,392796572,135250897,54689199,27753487,3908394,48275973
2013,Bebidas e Fumo,69727515,47274225,3747628,27545031,2932202,10837217
2013,Bolsas de Valores/Mercadorias e Futuros,2370229,2464541,364198,900908,118488,864644
2013,Brinquedos e Lazer,912230,240523,77903,162525,84236,-84141
2013,Comunicação e Informática,10483391.54,5646116.53,3859395.89,1136116.28,585286.37,65317.99
2013,Comércio (Atacado e Varejo),151418199.35,41445555.74,13185724.85,12459042.37,12234968.32,3565820.21
2013,Construção Civil Mat. Constr. e Decoração,51473854.98,19018450.54,4881863.33,4669771.86,4459927.24,5031295.12
2013,Crédito Imobiliário,312748,183727,66020,57330,20208,40169
2013,Educação,6509779,4974236,2443549,751129,745246,1034312
2013,Embalagens,2546405,776198,290973,68606,246588,162541
2013,Energia Elétrica,185181947,81484252,15426052,43285526,16457242,5253289
2013,Extração Mineral,130974865,54293946,10076226,21966535,24971307,-3330776
2013,Farmacêutico e Higiene,19479176,7287736,2398391,2232536,1893168,763641
2013,Gráficas e Editoras,2362912,1333769,569241,342912,260817,160799
2013,Hospedagem e Turismo,1241234,831752,230618,146235,230335,144399
2013,Intermediação Financeira,14450469,14037256,1699890,2766196,382075,9135153
2013,Metalurgia e Siderurgia,138258867.61,41398112.74,15733103.11,9837222.08,12782081.13,849596.42
2013,Máquinas Equipamentos Veículos e Peças,65234291,24059510,10229359,6171073,5164724,2473703
2013,Papel e Celulose,34519902,12364384,3207958,1037246,9453722,-1334542
2013,Petroquímicos e Borracha,52036870,6987450,1237111,2369119,3019615,350091
2013,Petróleo e Gás,544122186,166974684,29271745,108246423,39740884,-12573506
2013,Saneamento Serv. Água e Gás,5359949,2704334,1014801,746794,422046,484327
2013,Securitização de Recebíveis,20910,16347,8223,3426,0,4698
2013,Seguradoras e Corretoras,20228419,8388195,2067909,1775823,79231,4465232
2013,Sem Setor Principal,4980095,2164734.57,716002,581508,1826531.14,-1039381.57
2013,Serviços Médicos,6839768,3066040,1294698,759109,584375,421508
2013,Serviços Transporte e Logística,55929286.05,24488427.13,6359279.11,6109512.24,8749268.7,3415949.08
2013,Telecomunicações,219296399,105724465.38,14394633,60079660,24086524.55,7306742.83
2013,Têxtil e Vestuário,30166049.12,12342886.61,5159777.08,3802790.88,2030324.86,1289579.78
2014,Agricultura (Açúcar Álcool e Cana),30188646,9753776,3405685,2538078,4481062,-671049
2014,Alimentos,208045584,56480712,21095174,10603735,20558946,3983767
2014,Bancos,504037399,158011885,58445764,35140478,4216062,59674622
2014,Bebidas e Fumo,76575537,49627435,3636385,28853192,3061681,14076177
2014,Bolsas de Valores/Mercadorias e Futuros,2246452,2434987,363094,932568,153604,781642
2014,Brinquedos e Lazer,915309,186016,66861,124098,79085,-84028
2014,Comunicação e Informática,9733337.62,6156941.17,3991593.74,1083096.45,604542.99,477708
2014,Comércio (Atacado e Varejo),163859809.4,44938118.79,14417520.35,11809346.47,13648233.8,5063018.17
2014,Construção Civil Mat. Constr. e Decoração,48407607.8,15800229.06,5025988.79,4452198.67,4764771.72,1473400.87
2014,Crédito Imobiliário,85087,46800,21852,9475,13368,2105
2014,Educação,7754636,6115466,2746655,762199,807409,1799203
2014,Embalagens,2989361,902306,347576,107589,364734,76120
2014,Energia Elétrica,239602325,101241071,16676680,56648937,18928674,6764001
2014,Extração Mineral,123333443,41500907,10175885,11232664,22421762,-2329404
2014,Farmacêutico e Higiene,20373326,6887106,2679955,1799932,1958085,449134
2014,Gráficas e Editoras,2722684,1533852,660649,357114,347269,168820
2014,Hospedagem e Turismo,1279367,886397,287902,203141,248207,141540
2014,Intermediação Financeira,15528509,17331521,1577939,3038733,828287,11876294
2014,Metalurgia e Siderurgia,141610544.8,40405760.73,16167808.61,8991096.3,13057347.39,488477.42
2014,Máquinas Equipamentos Veículos e Peças,62679517,22152458,9729199,5560154,5656426,1198001
2014,Papel e Celulose,37588191,14563245,3743931,608706,10196452,14156
2014,Petroquímicos e Borracha,55420005,6290154,1464785,1189250,3159706,528026
2014,Petróleo e Gás,574812270,172393081,32798563,104780041,36815372,-2115360
2014,Saneamento Serv. Água e Gás,6113582,2844142,1105959,770182,520668,447333
2014,Securitização de Recebíveis,16656,16641,8826,2830,0,4985
2014,Seguradoras e Corretoras,23210282,10826124,2355301,2786798,520034,5163991
2014,Sem Setor Principal,4137092,-329138.98,617859.42,278973,2019510.42,-3474718.82
2014,Serviços Médicos,6727511,3295000,1359596,829883,639812,457971
2014,Serviços Transporte e Logística,64064690.64,25722052.66,6949254.21,6979416.23,12252321.99,11965.22
2014,Telecomunicações,182526940,86131632.81,13151521,48375594,29890850.38,-4201997.57
2014,Têxtil e Vestuário,31626449.93,12564646.76,5385273.1,3618461.08,2425697.05,1056634.54
2015,Agricultura (Açúcar Álcool e Cana),33327207,15036291,3651368,1895342,8528050,880865
2015,Alimentos,256395029,83659576,27167592,11598388,37446211,7186317
2015,Bancos,568627260,136847591,65307600,-6273207,4588112,72637244
2015,Bebidas e Fumo,71276318,43047391,3772775,22765476,3629998,12879142
2015,Bolsas de Valores/Mercadorias e Futuros,2458847,3746713,452155,854189,236911,1242614
2015,Brinquedos e Lazer,960868,318399,68921,138917,124066,-13505
2015,Comunicação e Informática,8590763.23,5731526.89,3963396.47,839269.7,972325.57,-43464.85
2015,Comércio (Atacado e Varejo),176931659.06,48016144.24,16640945.06,13015853,17684555.04,674791.13
2015,Construção Civil Mat. Constr. e Decoração,41809568,11901858,4812971,3675978,6031666,-2837546
2015,Crédito Imobiliário,133825,83078,21848,33284,20303,7643
2015,Educação,9962165,8142830,3603217,1111028,1322509,2106076
2015,Embalagens,3573551,1152676,432057,121530,574583,24451
2015,Energia Elétrica,306977130,161474085,16915452,97325738,46847303,-3969587
2015,Extração Mineral,124348878,-27799,10259601,-9814249,57417499,-57890650
2015,Farmacêutico e Higiene,22359672,8963054,2881267,2019447,4017746,44594
2015,Gráficas e Editoras,3102001,1188180,829938,344770,484507,-471035
2015,Hospedagem e Turismo,1298389,908801,294051,239386,239904,55905
2015,Intermediação Financeira,20362642,20964772,1689222,4148618,2011706,13112393
2015,Metalurgia e Siderurgia,140429995.73,28070819.41,17817542.47,3375076.25,18607728.12,-1658345.43
2015,Máquinas Equipamentos Veículos e Peças,68455617,24564585,11249533,5345272,7742432,223256
2015,Papel e Celulose,46295670,24545040,4399091,-309768,22930442,-2474725
2015,Petroquímicos e Borracha,54979006,11086813,1501960,2245016,4661078,2699667
2015,Petróleo e Gás,561339318,177383028,31801897,112617784,68377560,-35480406
2015,Saneamento Serv. Água e Gás,5898081,2919226,1337610,680436,864610,36570
2015,Securitização de Recebíveis,17986,18675,9322,3169,0,6184
2015,Seguradoras e Corretoras,26079576,13507318,2641892,3580808,518943,6765675
2015,Sem Setor Principal,3416132,3194013,370811,524435.44,3534032.4,-1286935.84
2015,Serviços Médicos,7976496,3879013,1623752,958128,891121,398661
2015,Serviços Transporte e Logística,72796640.53,36401998.44,8182896.74,7835593.28,26454828.7,-6039924.27
2015,Telecomunicações,166393856,92847184.81,14195545,46839570.48,37119264.23,-1748169.9
2015,Têxtil e Vestuário,32790741.25,13569065.89,5813898.63,3686298.35,3277334.95,734463.95
2016,Agricultura (Açúcar Álcool e Cana),35247708,18560136,3630522,3514343,9160004,2280486
2016,Alimentos,263472919.45,62129561.88,29847521.59,7624631.35,24133875.39,210438.54
2016,Bancos,649588286,199255650,70747137,58555111,5043045,64518310
2016,Bebidas e Fumo,71583332,42808446,3682076,21383688,4659285,13083397
2016,Bolsas de Valores/Mercadorias e Futuros,2576426,3040303,514903,64020,442516,900000
2016,Brinquedos e Lazer,1960093,812169,196729,307893,348012,-40465
2016,Comunicação e Informática,8855560.64,5557780.88,3481475.17,1036793.07,883249.33,156263.31
2016,Comércio (Atacado e Varejo),308916050.06,67678064.5,17719917.59,27551708.49,20572877.7,1833560.72
2016,Construção Civil Mat. Constr. e Decoração,31588416.32,4671990.22,4184978.64,3087777.32,5136103.05,-7323310.79
2016,Crédito Imobiliário,126268,64717,21131,28929,22534,-7877
2016,Educação,10376060,8559326,3917292,671422,1486582,2484030
2016,Embalagens,1099289,478212,156575,146387,158981,16269
2016,Energia Elétrica,321597606.56,183455590.91,18125220.34,98481858.25,43720791.68,21538249.64
2016,Extração Mineral,114739847,33130154,8586911,14407917,-9429077,17429349
2016,Farmacêutico e Higiene,21236329,8972302,2639855,2497308,2816489,1018650
2016,Gráficas e Editoras,3821410,1948312,974830,309884,649690,13908
2016,Hospedagem e Turismo,1302825,1022988,285770,245234,300912,126344
2016,Intermediação Financeira,21247376,21380938,1769773,4519121,2018319,13070263
2016,Metalurgia e Siderurgia,128534738.67,24770076.82,16285121.07,7911574.65,8662027.35,-1886668.24
2016,Máquinas Equipamentos Veículos e Peças,68171804,23529050,11385174,4987376,7030710,120838
2016,Papel e Celulose,46228924,20131176,4522491,5016032,2540660,8051993
2016,Petroquímicos e Borracha,55438766,12218934,1678055,3655088,7359818,-584885
2016,Petróleo e Gás,501674908,201776369,36613159,108878212,68122033,-11856679
2016,Saneamento Serv. Água e Gás,6471808,3468252,1210739,922330,881747,453436
2016,Securitização de Recebíveis,21797.66,56913.7,10295.77,4359.03,35658.81,6600.09
2016,Seguradoras e Corretoras,31863382,15949863,2961636,4329049,563665,8095513
2016,Sem Setor Principal,2034279,2228574.23,377248,303679.12,2167814.75,-638271.64
2016,Serviços Médicos,8990610,4573861,1711651,1133580,1047626,671715
2016,Serviços Transporte e Logística,82918528.84,43834864.15,9656802.47,8889463.64,24467503.65,913626.39
2016,Telecomunicações,160613574,83326340.33,12558421,50129664.19,24537119.03,-3900497.9
2016,Têxtil e Vestuário,30750729.98,12891726.58,5548125.55,3638704.79,2886130.02,689639.21
2017,Agricultura (Açúcar Álcool e Cana),37580467,24051628,3703910,4933859,12449821,2328129
2017,Alimentos,251753410,58921644,29587916,10439319,18612776,-39489
2017,Bancos,578016651,196706403,74264445,49071819,5336124,67400750
2017,Bebidas e Fumo,73758033,43599031,4315914,27050929,4381684,7850504
2017,Bolsas de Valores/Mercadorias e Futuros,4072109,3421227,642312,688649,793621,923007
2017,Brinquedos e Lazer,1918272,854898,227537,285107,341627,627
2017,Comunicação e Informática,10386447.77,6072179.84,3559236.77,1691357.3,863745.65,-42159.87
2017,Comércio (Atacado e Varejo),324146069.19,73533602.22,18625225.46,31801978.04,17111572.28,5628182.42
2017,Construção Civil Mat. Constr. e Decoração,29699612.77,9593978.36,3931754.3,3400351.58,3894499.63,-1733839.15
2017,Crédito Imobiliário,112046,-21611,20274,5672,69711,-117268
2017,Educação,10610484,8537181,3969109,653774,1329078,2585220
2017,Embalagens,1134067,361816,169480,161640,138869,-108173
2017,Energia Elétrica,317647521,153203111,19952336,87337549,33123108,11804780
2017,Extração Mineral,119646757,61084043,8493809,12822572,15721565,22513403
2017,Farmacêutico e Higiene,20008505,7130943,3178111,2160998,1591903,199931
2017,Gráficas e Editoras,3641919,1934297,880613,396834,625012,31838
2017,Hospedagem e Turismo,1398572,1102467,327795,263050,316624,106361
2017,Intermediação Financeira,19541364,20169811,1595039,4150338,1543772,12880662
2017,Metalurgia e Siderurgia,133825431.39,30961929.75,14853451.95,7467849.85,8855362.71,718821.25
2017,Máquinas Equipamentos Veículos e Peças,67189405,23100948,11308476,4895802,5605472,1292140
2017,Papel e Celulose,55038825,24274602,4886940,3855189,9565136,5967337
2017,Petroquímicos e Borracha,63171563,16317998,1989403,4745438,5187752,4386529
2017,Petróleo e Gás,497245472,223690959,31199416,120889350,71454930,106502
2017,Saneamento Serv. Água e Gás,7233773,4104317,1348890,1199850,819878,735699
2017,Securitização de Recebíveis,25561.02,26894,10545.98,6396.18,0.46,9951.38
2017,Seguradoras e Corretoras,35333710,17108928,3116039,4733102,551627,8641408
2017,Sem Setor Principal,2465440,2509081.27,389955,336175.08,1904645.02,-167693.82
2017,Serviços Médicos,19437022,7929275,2800156,1948133,1174383,1996190
2017,Serviços Transporte e Logística,92028700.11,43539299.98,10754960.24,8870677.8,21827741.63,2051762.3
2017,Telecomunicações,159281762,85677208,12203967,47550248,27664233,-1747150
2017,Têxtil e Vestuário,33405609.1,15111875.85,6245802,3605544.67,2691036.58,2445306.61
2018,Agricultura (Açúcar Álcool e Cana),47687625,17576975,3988663,4958841,6206332,1249115
2018,Alimentos,283745077,76464769,32214890,8294977,35824946,-208128
2018,Bancos,530470371,198668343,74169778,44055093,5193640,74231344
2018,Bebidas e Fumo,76976596,45100900,4464939,24700335,4558199,11377427
2018,Bolsas de Valores/Mercadorias e Futuros,5351875,4152639,741920,779890,542478,1435000
2018,Brinquedos e Lazer,2702720,1421896,292776,313999,481808,333313
2018,Comunicação e Informática,8588254.98,5152621.55,3351694.17,1162100.08,700986.34,-62159.04
2018,Comércio (Atacado e Varejo),362827188.29,87737930.36,20634478.04,41703762.76,14871024.28,9745957.28
2018,Construção Civil Mat. Constr. e Decoração,32637089.99,9492763.73,4025764.68,3058613.61,3859962.6,-1460196.16
2018,Crédito Imobiliário,93982,-18186,16085,-16359,40658,-58570
2018,Educação,11838694,8935533,4367665,606558,1842199,2119111
2018,Embalagens,1200815,494697,177233,158475,140108,18881
2018,Energia Elétrica,356327446,198217651,19924564,101554440,41423207,32761509
2018,Extração Mineral,152848272,78369959,9378305,10939759,26019291,31977385
2018,Farmacêutico e Higiene,23474986,12620999,3919950,2787138,3041058,2872853
2018,Gráficas e Editoras,3782886,1763595,1039735,430577,591639,-298356
2018,Hospedagem e Turismo,1907260,1353574,469100,302520,417435,156552
2018,Intermediação Financeira,20571350,20010940,1691023,3789877,1070594,13459446
2018,Metalurgia e Siderurgia,167582789.97,43824352.24,15678945.3,6954099.2,11760812.68,9419723.05
2018,Máquinas Equipamentos Veículos e Peças,72986529,23073494,11362934,5079580,6553020,132098
2018,Papel e Celulose,69330890,35966216,5639669,3281098,22299289,4746160
2018,Petroquímicos e Borracha,75032614,18730812,2134152,6037790,7251065,3307805
2018,Petróleo e Gás,587689731,290837387,34924704,159065195,69542106,27253325
2018,Saneamento Serv. Água e Gás,8332632.75,4782434.11,1417468.36,1179870.02,1412413.94,772681.78
2018,Securitização de Recebíveis,12762,10532,6720,1789,0,2023
2018,Seguradoras e Corretoras,39582611,17924948,3105951,5414557,478050,8888843
2018,Sem Setor Principal,2396555,2011449,394967,437735,1452497,-277468
2018,Serviços Médicos,33921890,17034867,6586242,3580821,3580130,3279112
2018,Serviços Transporte e Logística,100118135.73,45317154.76,11486635.16,9049942.35,22173299.89,2624496.3
2018,Telecomunicações,159432180,113632049,12303685,41434623,22181363,37707741
2018,Têxtil e Vestuário,37609716.41,17570051.29,6153912.05,4788560.66,3373253.49,3124885.09
2019,Agricultura (Açúcar Álcool e Cana),59997720,20818579,4360587,6495738,7263270,816582
2019,Alimentos,333004244,77437915,38136741,9829264,19349874,9738746
2019,Bancos,556454830,202855843,85512816,23210781,886576,93245670
2019,Bebidas e Fumo,79589129,45172091,4831364,23388888,4763507,12188332
2019,Bolsas de Valores/Mercadorias e Futuros,6576507,5309822,843401,1307716,445501,2713204
2019,Brinquedos e Lazer,2933962,922948,438316,318002,615855,-449225
2019,Comunicação e Informática,9223393.11,5314174.51,3510418.36,1217916.57,641206.7,-55367.12
2019,Comércio (Atacado e Varejo),451718601.98,101381469.67,28158380.67,47487828.98,14439060.32,10873438.69
2019,Construção Civil Mat. Constr. e Decoração,40690930,13184700.66,4391663,3439517.01,4117640.54,1195442.11
2019,Crédito Imobiliário,37021,-59610,15675,-8828,36515,-102972
2019,Educação,17137544,12307780,5698207,675288,3747975,873797
2019,Embalagens,1438658,663162,191085,166716,350511,-45150
2019,Energia Elétrica,380856291.7,203208141.17,19882482.88,102074941.96,36872923.92,41287828.41
2019,Extração Mineral,169025776,29807466,8757164,7046574,19262019,-5256191
2019,Farmacêutico e Higiene,43848775,20351969,7195267,5475795,5865070,1815837
2019,Gráficas e Editoras,2164039,991177,554669,226166,156601,53741
2019,Hospedagem e Turismo,2084390,1073633,504193,271900,409422,-110353
2019,Intermediação Financeira,19076189,18361781,1803932,2910196,666191,12981462
2019,Metalurgia e Siderurgia,158415171.29,37584747.79,15319090.52,7876099.95,9363010.29,5004653.03
2019,Máquinas Equipamentos Veículos e Peças,84440006,27698223,13108572,6778613,6784944,880142
2019,Papel e Celulose,78838197,31544357,6001399,4401941,25515205,-4374188
2019,Petroquímicos e Borracha,65735394,8582946,2230873,2606057,6615346,-2869330
2019,Petróleo e Gás,552649422,281490716,34809180,133990042,52595393,32211358
2019,Saneamento Serv. Água e Gás,10471882.62,6231199.75,1857568.99,1687607.27,1575015.99,1111007.5
2019,Securitização de Recebíveis,27383,11865,14363,478,0,-2976
2019,Seguradoras e Corretoras,50196029,22449209,3316356,6123879,375371,12602950
2019,Sem Setor Principal,2727246,2073040,409911,451031,1253675,-62085
2019,Serviços Médicos,52228310,22620789,8719832,5033343,4784030,3981408
2019,Serviços Transporte e Logística,130071408,47863281,14757868,12156114,19861447,1117891
2019,Telecomunicações,162088155,77471181,12355320,42882127,20600142,1629385
2019,Têxtil e Vestuário,39853314.51,17555912.18,6728125.67,5268029.44,2600202.09,2843869.98
2020,Agricultura (Açúcar Álcool e Cana),72805332,22538068,4528985,6972081,10197177,148282
2020,Alimentos,434955641,104724271,51112814,13335267,28783632,10965577
2020,Bancos,459103846,164107939,74804865,26362809,823381,62116884
2020,Bebidas e Fumo,90116499,48929098,5446674,26530709,5219806,11731909
2020,Bolsas de Valores/Mercadorias e Futuros,9463675,7850849,919434,2321028,459672,4150715
2020,Brinquedos e Lazer,1815898,366918,400874,122237,709323,-865516
2020,Comunicação e Informática,16347918.29,8889738.2,4471940.53,2361901.95,1264803.47,798731.26
2020,Comércio (Atacado e Varejo),606944882.05,123462488,28233184.86,59722968.72,20822846.05,14514018.37
2020,Construção Civil Mat. Constr. e Decoração,54385427.87,21409264.23,5429199,5888233.53,4103596.54,5967600.16
2020,Crédito Imobiliário,100794,124491,12087,49266,61747,1391
2020,Educação,15413950,3090437,5547240,1051093,3179867,-8561678
2020,Embalagens,1339135,585235,179891,199752,90675,104832
2020,Energia Elétrica,399236971,215662630,19442747,103363347,37957525,46352937
2020,Extração Mineral,239315770,87413662,10640360,15457275,31875534,29443585
2020,Farmacêutico e Higiene,78047218,32335830,13552663,5896859,10080110,2806198
2020,Gráficas e Editoras,2033419,741105,571571,183919,187264,-201649
2020,Hospedagem e Turismo,719181,-63235,534682,-157900,862712,-1299020
2020,Intermediação Financeira,22077033,13671608,2193654,2882649,1086276,7920856
2020,Metalurgia e Siderurgia,174559256.24,49836592,15890240.38,12666871.03,12784460.49,8448922.1
2020,Máquinas Equipamentos Veículos e Peças,94306132,29350028,13773292,7594194,10042669,-2480065
2020,Papel e Celulose,82636125.69,52588965.42,6504234.39,406813.13,69569029.32,-23891111.41
2020,Petroquímicos e Borracha,72897862,11582622,2743089,3687179,11782348,-6629994
2020,Petróleo e Gás,496942671,198127546,24688729,92405903,74216321,6786817
2020,Saneamento Serv. Água e Gás,22056483.73,10032202.42,2113261.21,3162660.35,2430486.87,2325793.98
2020,Securitização de Recebíveis,26614,18012,6952,2669,6072,2319
2020,Seguradoras e Corretoras,46293720,17292667,3274653,4763146,334464,8781293
2020,Sem Setor Principal,9439495,8820244,4847880,2173888,1570014,140110
2020,Serviços Médicos,69962498,33935704,12064842,6580544,11918646,3279312
2020,Serviços Transporte e Logística,102385465.59,35434117.46,12844019.63,9600707.88,27951637.95,-14968247.99
2020,Telecomunicações,146058850,73334205,11459919,33826587,27956358,86512
2020,Têxtil e Vestuário,34945305.9,13245940.79,6264790.79,4448920.82,2670848.85,-140748.67
2021,Agricultura (Açúcar Álcool e Cana),95972005,34575517,5963343,5789895,12574118,4032237
2021,Alimentos,561003120,131364981,58185724,19942424,23807271,29435115
2021,Bancos,579297274,245089767,81266716,69942572,1384531,92120045
2021,Bebidas e Fumo,115264144,55954448,7337800,29095915,5411919,14108814
2021,Bolsas de Valores/Mercadorias e Futuros,10435033,9369760,1070955,2852140,729575,4717089
2021,Brinquedos e Lazer,2413316,714728,492012,174179,882943,-834406
2021,Comunicação e Informática,22639453.57,10776528.23,5517493.09,2371883.93,1527585.93,1366300.27
2021,Comércio (Atacado e Varejo),652647603.33,133494427.98,33426591.05,65977830.4,20779164.26,13282571.27
2021,Construção Civil Mat. Constr. e Decoração,73837399.48,30475972,6878255,6406072,5568736,11535670
2021,Crédito Imobiliário,170427,332727,13768,51831,64937,189904
2021,Educação,20707767.8,13536730.23,6156111.94,1098359.31,3706533.6,-105738.63
2021,Embalagens,2081879,961814,205752,338309,105904,297817
2021,Energia Elétrica,514777002,258710771.99,20235660,126977526.99,46554718.08,53363154.92
2021,Extração Mineral,339158080,178221436,11315166,44146761,-10746990,149146883
2021,Farmacêutico e Higiene,89203262,42683574,16072567,11375352,10161799,5073856
2021,Gráficas e Editoras,2364102,1141841,617855,218252,247817,57917
2021,Hospedagem e Turismo,946660,342479.75,536460.83,45140.2,291694.47,-527028.75
2021,Intermediação Financeira,28394206,21462132,2600943,3407575,1738463,13197889
2021,Metalurgia e Siderurgia,314536646.56,119040033.44,19339646.11,33435369.38,21736797.96,44468708.99
2021,Máquinas Equipamentos Veículos e Peças,126242582,44369417,16091468,12107840,9376454,6138905
2021,Papel e Celulose,120502503,69767020,7956635,4180042,36108105,21522238
2021,Petroquímicos e Borracha,144318812,43875545,3720678,10837873,12117989,17199005
2021,Petróleo e Gás,763136504,421252475,34822323,193500045,80209348,110867345
2021,Saneamento Serv. Água e Gás,34881220,14599937,3699738,3627096,4216436,3056667
2021,Securitização de Recebíveis,29666,14292,8654,8669,2952,-6337
2021,Seguradoras e Corretoras,47614223,16427032,3596745,3251689,522837,7622635
2021,Sem Setor Principal,59853664,16857900,9623876,3530564,1756013,1932118
2021,Serviços Médicos,82388545,37281958,16430880,6777247,10767744,3086960
2021,Serviços Transporte e Logística,130029749.51,54333196.89,16349343.03,13364478.34,28477352.87,-3891935.34
2021,Telecomunicações,156810637,74088935,12474952,32215018,24570681,4819137
2021,Têxtil e Vestuário,43822801.61,17326293.71,7017784.38,4845233.07,3179516.07,2165753.19
2022,Agricultura (Açúcar Álcool e Cana),138130033,44961022,6638042,9510844,19264033,8948795
2022,Alimentos,657936625,144470649,66755427,18999314,40188411,18531483
2022,Bancos,890323907,252537335,90325955,60078357,1340243,100792780
2022,Bebidas e Fumo,130181317,63335048,7878778,31522938,8309350,15623982
2022,Bolsas de Valores/Mercadorias e Futuros,10181334,9748025,1330095,2597420,1593912,2283145
2022,Brinquedos e Lazer,4065816,2032887,649849,333039,1201535,-151536
2022,Comunicação e Informática,27140150.33,13499967.78,6794282.02,3405096.24,2801024.43,506554.09
2022,Comércio (Atacado e Varejo),857536970.57,154830618.35,37928426.3,75952229.25,41768094.39,-1808377.58
2022,Construção Civil Mat. Constr. e Decoração,111182685,42004510,11681128,11626924,11749819,6813319
2022,Crédito Imobiliário,156455,197039,34423,27000,57534,78082
2022,Educação,24480796.82,16827337.72,7315752.63,646406.7,5683179.25,-278495.86
2022,Embalagens,2226789,1166583,234154,352734,172519,391724
2022,Energia Elétrica,507581926,270839997,23188089,123719522,70930915,41106001
2022,Extração Mineral,263393844,125652464,11558925,30787297,-9129534,94168776
2022,Farmacêutico e Higiene,95465528,44721938,16516688,11952238,15606048,646964
2022,Gráficas e Editoras,2387221,1087731,420033,227609,342731,97358
2022,Hospedagem e Turismo,1719558,1020895.29,585252,202710.61,476162.68,-237818
2022,Intermediação Financeira,27794548,26720907,2522366,3930099,4108092,16160350
2022,Metalurgia e Siderurgia,309832638,93890064.14,20980978.6,30029434.83,26811106.6,15782471.11
2022,Máquinas Equipamentos Veículos e Peças,140660694,43800682,17848736,10468503,11552865,3394061
2022,Papel e Celulose,160976815,94247250,9169535,5556271,24282161,55239283
2022,Petroquímicos e Borracha,138497365,24212514,3624166,10222784,9414941,950623
2022,Petróleo e Gás,992244871,506977824,32843978,231004718,47601306,194980678
2022,Saneamento Serv. Água e Gás,53621256,21840512,5395810,5932336,7962814,2549552
2022,Securitização de Recebíveis,21305,29628,16643,7716,1578,3691
2022,Seguradoras e Corretoras,29239808,19204545,3114941,4011695,477843,9879819
2022,Sem Setor Principal,108223339,14955243.06,10458825,2493864.42,2791458.44,-788904.8
2022,Serviços Médicos,107881292,44342792,21192301,6843899,16304713,-97899
2022,Serviços Transporte e Logística,195641301,85453958,20098462,17393251,40019129,7701714
2022,Telecomunicações,194868571,83295917,15647427,42962240,34286544,-9606081
2022,Têxtil e Vestuário,50182033.6,20174804.38,8155533.48,6867052.3,3655132.35,1489828.25
2023,Agricultura (Açúcar Álcool e Cana),118089168,23092318,5466721,3089072,9842830,4438586
2023,Alimentos,642014583,124072094,70290630,16710281,40815043,-4077208
2023,Bancos,969057512,247354203,90645084,59594377,1424608,95690134
2023,Bebidas e Fumo,132875146,66063964,8078191,35082350,6947043,15956380
2023,Bolsas de Valores/Mercadorias e Futuros,10048081,34531455,1391060,2430969,1475104,2541533
2023,Brinquedos e Lazer,5971123,3213299,798713,3387,1323624,1087575
2023,Comunicação e Informática,23302902.9,12290749.83,5819330.21,3042727.05,2632173.27,802515.29
2023,Comércio (Atacado e Varejo),905519088.3,158825154.14,42951158.26,65932748.03,38038756.29,10365959.55
2023,Construção Civil Mat. Constr. e Decoração,114397245,45763802,12229508,12339959,10897255,10251409
2023,Crédito Imobiliário,520102,440523,47272,37382,57189,298680
2023,Educação,29010584.33,20639369.08,7861748.23,2121189.16,5844185.05,178311.64
2023,Embalagens,2229652,1291886,262019,372444,247231,393724
2023,Energia Elétrica,540203485,286684503,23606370,128868088,75934777,48000028
2023,Extração Mineral,248779606,98794130,12039051,29038131,12462339,45254609
2023,Farmacêutico e Higiene,79723597,53759702,12872528,8205019,20363257,12318898
2023,Gráficas e Editoras,2448097,1424275,509849,295366,408439,210621
2023,Hospedagem e Turismo,1812639,937042,497848,108063,666830,-333369
2023,Intermediação Financeira,21946399,26923347,2651538,3605912,4089312,16576585
2023,Metalurgia e Siderurgia,276455392.36,69593825.76,21048357.22,16479505.09,20427316.06,11454023.39
2023,Máquinas Equipamentos Veículos e Peças,147099221,51347385,19998957,9855935,13393419,7937317
2023,Papel e Celulose,135427446,72343467,10269576,4968764,23731883,33373244
2023,Petroquímicos e Borracha,13462947,5260141,1173813,2133143,762320,1190865
2023,Petróleo e Gás,852441774,408646394,39582942,189572939,45050699,134439814
2023,Saneamento Serv. Água e Gás,86782357,42289744,10562879,11218076,12568703,7940086
2023,Securitização de Recebíveis,22974,56991,20617,10289,2564,23521
2023,Seguradoras e Corretoras,29636483,24346177,3612569,6120725,706455,13906428
2023,Sem Setor Principal,135011886.34,19491703.36,11101400,3673335.15,3119473.06,1587395
2023,Serviços Médicos,123489890,53312052,21418120,8097439,20856979,946644
2023,Serviços Transporte e Logística,245627443,99256050,23661914,19415047,52625995,2726849
2023,Telecomunicações,203388600,96335612,15803698,35430835,36320541,8772382
2023,Têxtil e Vestuário,47531015.34,14640568.15,7397470.17,5574144.68,3510846.99,-1845512.69
