ANO,GRUPO,Distribuição,Governo,Outros,Pessoal,RCP,RCT,Receitas,VAB,VALP,VATD
2010,Primário,915305.95,429994.35,10535.48,287874.56,1837.35,185064.2,3047504.03,848906.97,650687.32,915305.95
2010,Primário,127286328.38,26843804.13,0,15352751.04,74180585.14,10909188.07,271225036.45,139584128.64,124881292.24,127286328.38
2010,Secundário,57424380.57,12535607.22,220202.35,26282280.53,1350034.6,17036255.87,219056523.02,56511062.55,50896244.86,57424380.57
2010,Secundário,70357290.87,41143962.17,0,8781214.91,18014758.44,2417355.35,104206687.52,71997912.47,68897103.33,70357290.87
2010,Secundário,1106549.62,447144.31,0,153702.07,240738.99,264964.25,2050782.47,1152100.1,1083814.11,1106549.62
2010,Secundário,37501503.16,10498642.92,2907.98,7238108.17,13481231.27,6280612.82,102587375.66,35544935.87,33501855.29,37501503.16
2010,Secundário,2473663.78,854828.22,7583.8,763824.6,369836.42,477590.74,7299745.86,2360117.32,2144207.42,2473663.78
2010,Secundário,225846379.68,117853045.65,4114746.21,26798112.63,39064006.5,38016468.7,403734366.92,225168757.76,203004101.06,225846379.68
2010,Secundário,37414940.35,11344823.95,35751.92,13414341.65,6962118.95,5657903.88,96201644.95,34264051.76,31866332.16,37414940.35
2010,Secundário,87890762.57,24842693.56,6497082.59,25395846.73,14504984.84,16650154.85,264297598.14,96685109.44,83710539.52,87890762.57
2010,Secundário,21559706.57,3312480.2,0,4238373.28,5303933.04,8704920.05,52417587.82,21527857.78,14812134.1,21559706.57
2010,Secundário,323491681.21,182065515.31,0,39265030.85,72658181.84,29502953.21,766595887.58,341309826.94,310867555.05,323491681.21
2010,Secundário,20236500.2,5792506.19,0,3332846.03,5899926.81,5211221.17,92658463.92,21028145.31,16535847.78,20236500.2
2010,Secundário,20523585.96,6339929.18,386428.22,8798344.67,2689362.95,2309520.95,53114267.91,20817017.64,19144793.12,20523585.96
2010,Sem Setor Principal,10628663.47,2508287.69,65604.45,2069589.02,2973997.69,3011184.62,13703069.79,5122188.32,4054958.06,10628663.47
2010,Terciário,149.11,28.6,0,6.8,87.55,26.16,194.63,99.62,99.58,149.11
2010,Terciário,239046195.37,71728328.02,0,82301699.52,79732543.02,5283624.82,629684278,262068196.97,237330266.11,239046195.37
2010,Terciário,6984813.54,1529846.07,805481.87,1319638.93,556718.11,2773128.56,15548573.19,5526463.36,4878632.38,6984813.54
2010,Terciário,45804852.75,15469428.67,10895.01,12017049.42,6923922.42,11383557.24,169054065.99,43782509.2,41567287.52,45804852.75
2010,Terciário,10562611.79,2992062.6,22652.09,5579081.08,1168018.55,800797.48,21060548.28,10887924.39,10284890.3,10562611.79
2010,Terciário,617493.79,176022.44,0,127573.91,267713.33,46184.11,940881.91,573514.5,568099.77,617493.79
2010,Terciário,4460256.62,592556.58,0,2564783.43,509053.01,793863.6,5795740.34,4392075.23,4138431.69,4460256.62
2010,Terciário,9806168.16,4041730.77,0,2684323.8,1984772.81,1095340.77,24105531.66,9670142.42,9337547.67,9806168.16
2010,Terciário,1343451.03,406907.26,0,500983.73,203237.12,232322.92,2749203.24,1357045.46,1266613.9,1343451.03
2010,Terciário,212012.72,55144.44,369.46,123879.34,-49445.67,82065.15,501531.96,217445.32,173652.75,212012.72
2010,Terciário,36393461.85,12801525.12,42600.78,9741950.17,13092720.82,714664.96,99596700.05,37752652.55,34463219.71,36393461.85
2010,Terciário,14785177.5,4278045.82,0,3843891.37,4592602.51,2070637.8,25174026.89,15635913.69,13868636.22,14785177.5
2010,Terciário,83993.96,19967.56,0,16651.39,35898.48,11476.54,140111.39,61496.72,61155.99,83993.96
2010,Terciário,11576860.49,3883305.22,0,2748013.43,4480405.38,465136.47,35100062.32,8386303.09,7803425.04,11576860.49
2010,Terciário,7728008.13,1774426.62,11399.54,3126947.23,1206865.15,1608369.59,23921430.83,7288912.43,6778732,7728008.13
2010,Terciário,50284439.83,11622890.97,473697.54,11884589.53,7270158.2,19033103.59,96651635.03,47854249.63,41193406.87,50284439.83
2010,Terciário,278760492.22,153378374.29,1226146.44,33400635.47,34333228.75,56422107.26,575972895.37,353509035.87,254156316.5,278760492.22
2011,Primário,14121955.86,5906959.04,6008.31,2805802.41,2507507.57,2895678.53,62223603.66,13837271.25,11892496.86,14121955.86
2011,Primário,146767158.89,25849803.45,0,15294999.18,85769531.8,19852824.44,266994635.22,137162328.36,123945581.01,146767158.89
2011,Secundário,61811552.67,12161013.59,277103.23,27114598.62,2665838.4,19592998.83,238872812.06,57995312.33,52057448.62,61811552.67
2011,Secundário,70356529.93,42304667.3,0,6117957.82,19287451.42,2646453.39,104699830.89,71890577.93,68962505.74,70356529.93
2011,Secundário,739606.43,403507.46,0,133017.85,33906.95,169174.17,1778662.29,719887.01,656418.67,739606.43
2011,Secundário,30711813.8,9479811.62,1886.94,7221318.1,5998866.2,8009930.94,98235360.39,28167709.15,26080490.78,30711813.8
2011,Secundário,1279823.41,332250.37,9810.2,277407.76,197698.68,462656.39,3041695.69,1187236.45,1027836.99,1279823.41
2011,Secundário,234349205.75,121705375.81,1264673.73,27095262.19,42688804.69,41595089.32,402745400.21,224444109.37,205621333.93,234349205.75
2011,Secundário,35835126.41,10031947.11,7998,14398707.86,4666367.11,6730106.33,97669946.32,32609306.77,30080999.92,35835126.41
2011,Secundário,96576128.21,20113807.7,5360858.93,27223891.13,15879018.58,27998551.87,269022640.59,92325161.64,79921524.69,96576128.21
2011,Secundário,19461412.49,602373.71,0,4251967.63,-1161915.4,15768986.56,47272920.29,18520192.44,11613230.54,19461412.49
2011,Secundário,345994862.84,197605911.52,172135.36,40897539.16,61891538.25,45427738.55,809419877.73,364648049.36,329976105.63,345994862.84
2011,Secundário,13185710.04,3391029.38,5077.92,2460933.86,-1155690.98,8484359.88,92490683.59,14833028.44,11149122.16,13185710.04
2011,Secundário,18971808.66,6884509.23,460937.6,8910724.14,-498933.18,3214570.88,50014195.16,18475831.39,16835988.52,18971808.66
2011,Sem Setor Principal,9362630.75,1692948.46,45643.33,1704561.71,2094947.61,3824529.64,12559164.77,5622955.84,4922920.91,9362630.75
2011,Terciário,15441.12,3327.36,0,14344.46,-43093.16,40862.46,26071.49,5582.34,3693.54,15441.12
2011,Terciário,244881062.25,55794790.72,9054990.17,90106275.31,84070746.74,5854259.32,769774980.74,262088343.14,243027441.86,244881062.25
2011,Terciário,3461483.12,1466389.16,673135.81,1160537.23,-1584216.23,1745637.15,8561998.92,2375038.99,1741115.98,3461483.12
2011,Terciário,58943246.89,15868658.77,0,21047069.36,4034630.13,17992888.64,225271882.5,55555905.41,52519702.15,58943246.89
2011,Terciário,9217747.9,2307146.48,26510.53,5779997.14,281399.01,822694.74,17212191.38,9488954.29,8865379.93,9217747.9
2011,Terciário,522139.75,156649.4,2484.78,159984.23,156881.06,46140.28,844944.22,509101.2,502334.38,522139.75
2011,Terciário,4816958.49,750612.13,0,2833587.64,318390.85,914367.86,6338335.68,4781609.79,4455651.7,4816958.49
2011,Terciário,10764865.19,3826411.12,0,3037325.84,1457303.84,2443824.38,26713054.7,10478650.48,9969906.12,10764865.19
2011,Terciário,1824739.04,525397.98,0,632916.03,288118.46,378306.58,3356130.38,1829374.18,1719877.66,1824739.04
2011,Terciário,211327.6,55638.49,-6253.05,130293.93,-67860.61,99508.84,623619.59,303043.95,247371.83,211327.6
2011,Terciário,32527124.13,9968097.65,0,7158349.48,14263849.78,1136827.21,103571616.33,34784104.38,31496905.12,32527124.13
2011,Terciário,14390681.84,3755680.88,0,4499907.5,3192917.81,2942175.65,26533655.57,15429378.99,13374939.93,14390681.84
2011,Terciário,52042.1,11900.78,0,19596.12,20545.19,0,73366.35,41028.74,40709.26,52042.1
2011,Terciário,12493271.43,3884089.74,0,3202965.28,4831787.96,574428.45,37920161.87,8471706.19,7808188.16,12493271.43
2011,Terciário,8826108.45,2388796.82,5348.81,3558137.26,1125580.32,1748245.24,27487961.8,8696165.75,8068342.58,8826108.45
2011,Terciário,62587422.07,16223637.72,-1250773.92,15258371.95,6431892.04,25924294.28,143211368.63,60365128.97,51885437.66,62587422.07
2011,Terciário,212825654.01,118573902.15,1136122.88,25872280.42,20009991.07,47233357.48,424423572.75,257113299.41,190078662.23,212825654.01
2012,Primário,16562226.72,4443563.53,6455.54,2630139.3,4956169.38,4525898.97,59132290.34,16566694.9,13586646.9,16562226.72
2012,Primário,64633570.85,9250523.3,0,17130866.07,17818180.07,20434001.42,229051678.31,69774844.76,54725736.29,64633570.85
2012,Secundário,60379179.54,12066950.87,322276.98,28194416.36,2351874.07,17443661.25,264076635.43,59935539.38,53367570.65,60379179.54
2012,Secundário,76677280.35,45483904.65,0,6323092.88,21716127.03,3154155.79,114882188.93,78873031.7,75546570.13,76677280.35
2012,Secundário,454177.26,287695.98,0,141330.82,-88419.04,113569.51,1889577.88,527663,459595.18,454177.26
2012,Secundário,24676456.46,8040531.12,-159529.02,8010758.22,1456514.26,7328181.88,88636059.56,23450635.57,20649210.9,24676456.46
2012,Secundário,2056073.3,523735.23,5181.05,491832.25,601132.83,434191.94,4828897.67,1600865.48,1315909.4,2056073.3
2012,Secundário,167757045.26,102917828.54,1542735.53,27365891.75,2509584.15,33421005.28,410022314.93,158881959.97,140610136.47,167757045.26
2012,Secundário,36500434.44,9759691.12,21028.25,16671615.59,2220694.99,7827404.48,104757124.94,35297401.61,32259643.6,36500434.44
2012,Secundário,69925427.69,17735103.4,3559154.61,29682274.53,-2721695.3,21670590.45,261534115.59,73959109.81,60763314.26,69925427.69
2012,Secundário,16680618.35,1180503.82,0,4773710.89,-631038.33,11357441.97,51853639.36,19837941.81,12939451.67,16680618.35
2012,Secundário,330789082.58,187603042.37,0,44574724.61,35782217.97,62829097.63,860431197.9,353922864.54,313944982.69,330789082.58
2012,Secundário,12204866.55,2166369.08,622488.09,2489597.07,-1890825.85,8817238.17,95831690.99,14318986.72,10459686.41,12204866.55
2012,Secundário,20839757,6644545.22,111451.83,8755047.93,1563741.45,3764970.56,52740597.89,20856952.73,19270491.82,20839757
2012,Sem Setor Principal,13104438.27,2702638.88,102742.5,1758499.56,4481791.55,4058765.77,16360142.63,9930831.08,9186795.97,13104438.27
2012,Terciário,236920762.77,58613200.95,1056063.12,91284873.4,79822035.66,6144589.64,699529318.86,254088076.51,234346241.35,236920762.77
2012,Terciário,4013620,1516904.51,3.54,763461.84,599557.83,1133692.28,4603446.79,2966259.14,2722371.42,4013620
2012,Terciário,67588162.13,19138968.46,0,22112652.51,7473013.13,18863528.02,241993474.72,61946075.83,58334176.44,67588162.13
2012,Terciário,10105227.91,2131721.7,0,6465097.7,609802.01,898606.5,18386782.19,10486764.01,9805103.32,10105227.91
2012,Terciário,272211.16,92569.54,880.3,166594.42,-27727.73,39894.63,541510.96,245890.49,239152.12,272211.16
2012,Terciário,6792276.72,1078013.54,0,3497298.74,967319.75,1249644.7,8883870.86,6856892.54,6431388.19,6792276.72
2012,Terciário,11886720.62,4153013.45,0,3629205.75,1777500.29,2327001.13,31126518.75,11616057.95,11042463.71,11886720.62
2012,Terciário,1996103.2,590404.81,0,713795.51,345843.61,346059.27,3499840.31,2026127.14,1901484.93,1996103.2
2012,Terciário,1081171.16,219152.66,-6165.65,401567.76,-26964.1,493580.48,1891851.1,1104409,1008468.5,1081171.16
2012,Terciário,32922542.49,11000078.43,14440.13,6991052.61,13811036.82,1105934.5,97389186.6,34415279.36,31134247.02,32922542.49
2012,Terciário,14978102.78,4048614.64,0,4387919.62,4259506.96,2282061.56,27887705.52,16106983.46,14080552.28,14978102.78
2012,Terciário,33500.95,7830.79,0,11143.42,14526.74,0,44211.29,18470.42,17881.79,33500.95
2012,Terciário,8702714.12,2764624.13,0,3106205.88,2330327.89,501556.23,30393614.68,6561587.42,5972704.58,8702714.12
2012,Terciário,8039215.99,2313808.98,6406.05,3784554.23,404581.64,1529865.1,30117389.13,8255515.63,7480000.02,8039215.99
2012,Terciário,41121820.51,11098417.42,-2631537.74,10444906.63,7586015.42,14624018.76,90122618.51,45706612.48,37873079.45,41121820.51
2012,Terciário,193759780.41,105085104.44,2412772.2,29093197.17,15344429.91,41824276.7,372153789.37,224828745.95,177599472.02,193759780.41
2013,Primário,15050986.83,3023417.48,0,5022361.37,-22356.66,7027564.65,46046929.42,19666814.98,12605142.05,15050986.83
2013,Primário,90746960.29,36714890.45,1020647.76,16841415.07,-5567062.62,41737069.63,218911531.55,98479149.19,83291834.53,90746960.29
2013,Secundário,73586021.79,13807984.23,390332.32,30468908.05,2439867.85,26478929.35,292062718.29,66667218.56,58684907.82,73586021.79
2013,Secundário,79014190.99,46038794.72,3697384.9,6263789.51,18113336.26,4900885.61,116542644.27,80927042.67,77288141.77,79014190.99
2013,Secundário,402010.4,271644.46,0,130207.16,-140633.36,140792.14,1524702.21,506949.32,436001.69,402010.4
2013,Secundário,31787458.89,7805061.76,-40793.89,8159551.67,8409312.12,7454327.23,86033457.09,28212486.98,25671688.97,31787458.89
2013,Secundário,1297338.18,114668.14,12518.79,486332.59,271671.2,412147.45,4256064.08,1319592.89,1008399.73,1297338.18
2013,Secundário,136192867.25,72347475.15,1775266.96,25783120.06,8780352.94,27506652.14,309513307.25,133355416.54,117655097.07,136192867.25
2013,Secundário,40213091.13,10314338.11,34516.1,17097361.74,4134549.88,8632325.3,109032664.79,38249448.91,35089583.26,40213091.13
2013,Secundário,69192850.58,16441943.66,3670580.64,26296325.62,1420016.38,21363984.28,231086021.42,71066307.57,59769138.36,69192850.58
2013,Secundário,20665844.84,1733654.09,0,5361784.48,-2230554.95,15800961.21,57696601.68,24358335.88,16689626.79,20665844.84
2013,Secundário,279081668.1,180923188.91,3826067.74,48924826.37,-21015371.58,66422956.66,909446412.37,346757326.5,296590869.75,279081668.1
2013,Secundário,11678831.52,3959748.07,19244.51,2067708.67,585142.48,5046987.79,86974481.01,14093058.4,10370762.94,11678831.52
2013,Secundário,20629914.08,6355988.81,100976.03,8624057.02,2155405.04,3393487.18,50419567.25,20664224.35,19224225.24,20629914.08
2013,Sem Setor Principal,3618139.71,971933.1,133837.44,1196726.52,-1737223.49,3052866.14,8323736.19,56987.37,-186831.61,3618139.71
2013,Terciário,226058496.07,46387208.3,1042693.54,91407586.58,80688513.68,6532493.97,656520616.85,236358139.23,219012335.42,226058496.07
2013,Terciário,4119236.5,1505778.61,361529.07,608720.93,1445166.92,198040.97,3961603.32,3531359.61,3331358.09,4119236.5
2013,Terciário,69272146.86,20824056.94,0,22038634.82,5959915.76,20449539.34,253080542.77,66031238.77,62221972.94,69272146.86
2013,Terciário,9436925.3,1898905.98,0,6450598.49,109172.56,978248.28,17521952,9774202.57,9097068.18,9436925.3
2013,Terciário,307081.51,95821.42,0,110345.9,67138.51,33775.67,522727.35,274397.26,267631.43,307081.51
2013,Terciário,8313943.45,1255437.83,0,4084150.45,1728750.2,1245604.97,10880451.69,8393801.32,7878834.29,8313943.45
2013,Terciário,12180729.86,3731463.09,0,4008673.32,1276350.4,3164243.05,32557515.91,11809755.71,11153189.25,12180729.86
2013,Terciário,2229262.95,573143.49,0,951430.03,268759.62,435929.82,3949373.68,2306185.85,2118251.84,2229262.95
2013,Terciário,1390191.2,244417.34,133987.87,385455.18,241348.65,384982.17,2074599.86,1429134.84,1327901.42,1390191.2
2013,Terciário,23461884.92,4623423,90158.72,2841197.99,15268504.64,638600.57,24152529.57,13587162.06,11275229.94,23461884.92
2013,Terciário,4520026.78,1248192.3,60782.17,1696139.49,809504.67,705408.14,8958624.58,5016466.33,4195377.18,4520026.78
2013,Terciário,27322.39,5726.22,0,13743.93,7852.24,0,34949,21382.23,20952.68,27322.39
2013,Terciário,14020038.23,2968112.49,0,3456305.35,7463193.61,132426.78,33809801.48,9736439.49,9133723.9,14020038.23
2013,Terciário,5124582.58,1268775.61,10613.4,2163959.64,704508.93,976725.01,11431995.66,5267357.01,4803157.11,5124582.58
2013,Terciário,40929983.7,10211445.4,-243325.91,10628906.01,5709420.99,14623537.21,93480269.42,45520568.62,37537467.62,40929983.7
2013,Terciário,176707986.21,100417208.95,-239169.14,24059205.22,12212497.9,40258243.28,366532239.35,216067858.92,167009405.7,176707986.21
2014,Primário,15346391.6,3993360,0,5358435.1,-1055814.77,7050411.27,47498197.96,18080413.89,12570721.95,15346391.6
2014,Primário,65296677.97,17673243.72,0,16010529.26,-3665036.59,35277941.59,194050315.84,70296116.64,54152086.12,65296677.97
2014,Secundário,88865596.68,16683699.7,376179.31,33190715.17,6267977.49,32347025.01,327334665.3,81888736.18,73329795.36,88865596.68
2014,Secundário,78082790.86,45397021.96,0,5721413.76,22147168.9,4817186.24,120482383.2,80139726.58,76290052.32,78082790.86
2014,Secundário,292673.77,195253.25,0,105197.73,-132207.94,124430.72,1440128.45,392438.62,283699.21,292673.77
2014,Secundário,24859757.13,7004998.3,131957.77,7907787.93,2318218.79,7496794.34,76163539.7,22323596.51,19751943.08,24859757.13
2014,Secundário,1419669.8,169278.33,9891.84,546868.97,119765.65,573865.01,4703399.44,1428757.64,1130238.77,1419669.8
2014,Secundário,159290629.74,89130278.45,3497275,26238747.11,10642340.78,29781988.4,376985395.95,155245780.9,137632344.48,159290629.74
2014,Secundário,34854224.18,8748232.54,13653.79,15307722.65,1884910.26,8899704.94,98618669.64,32197476.85,29248804.68,34854224.18
2014,Secundário,63573597.24,14146406.96,2676367.37,25438099.28,768560.38,20544163.23,222807133.88,66074873.3,54366955.62,63573597.24
2014,Secundário,22913511.72,957725.57,0,5890624.44,22272.76,16042888.96,59140490.67,26628068.86,18003330.88,22913511.72
2014,Secundário,271239746.52,164858772.73,180096.89,51604587.97,-3328264.14,57924553.07,904397865.09,279172718.3,228533549.72,271239746.52
2014,Secundário,9896799.61,1871141.62,-81206.84,2304662.75,830785.31,4971416.77,87196701.99,12685707.67,9244613.34,9896799.61
2014,Secundário,19768958.14,5693212.62,123637.74,8473078.51,1662487.16,3816542.11,49760409.24,19907223.26,18459739.24,19768958.14
2014,Sem Setor Principal,-517860.54,438930.41,360676.81,972127.36,-5467051.49,3177456.37,6509215.91,-4159748.33,-4239455.82,-517860.54
2014,Terciário,248612666.97,55289309.12,841693.55,91957369.29,93890829.33,6633465.69,793042131.1,256709622.66,239222198.21,248612666.97
2014,Terciário,3831158.73,1467283.41,321093.72,571284.67,1229819.53,241677.39,3534521.61,3115604.59,2928163.17,3831158.73
2014,Terciário,70704716.68,18580584.11,0,22684231.55,7966049.2,21473851.82,257813671.57,67288339.19,63253415.98,70704716.68
2014,Terciário,9687205.28,1704121.79,0,6280291.92,751615.99,951175.57,15314234.26,9902817.47,9301260.28,9687205.28
2014,Terciário,73634.16,14907.77,0,34381.49,3311.96,21032.94,133874.14,23350.53,20413.03,73634.16
2014,Terciário,9621949.08,1199228.31,0,4321530.78,2830829.19,1270360.8,12200985.62,9722341.71,9087505.09,9621949.08
2014,Terciário,10836031.67,2831976.18,0,4216586.37,706658.25,3080810.88,32054974.29,10339153.69,9683361.23,10836031.67
2014,Terciário,2413331.35,561875.86,0,1039451.62,265617.93,546385.94,4283815.3,2530787.28,2306747.48,2413331.35
2014,Terciário,1394638.9,319617.89,8821.94,452979.12,222696.14,390523.82,2012929.86,1452893.28,1340454.86,1394638.9
2014,Terciário,27269060.54,4781080.33,16155.46,2482696.94,18685917.99,1303209.82,24432238.35,13238256.54,11408661.58,27269060.54
2014,Terciário,4474914.83,1211788.6,0,1740093.26,703824.59,819208.38,9618984.84,5105626.05,4199474.29,4474914.83
2014,Terciário,26182.61,4452.66,0,13886.65,7843.3,0,26206.21,17953.83,17530.59,26182.61
2014,Terciário,17033602,4384690.96,0,3705782.4,8124917.79,818210.86,36518582.82,10021574.9,9334953.64,17033602
2014,Terciário,5184285.59,1305720.93,12174.81,2139160.53,720562.2,1006667.11,10584928.16,5336860.92,4832547.15,5184285.59
2014,Terciário,40470551.39,10981270.7,-740912.29,10933814.4,18825.84,19277552.74,100798073.5,46469280.21,35741649.8,40470551.39
2014,Terciário,135517748.83,76113169.85,-1706070.5,20692334.06,-6611337.01,47029652.43,287184152.94,178028251.36,124743345.95,135517748.83
2015,Primário,21469999.66,2706318.47,115181.26,5213710.6,1257768.37,12177020.95,47587209.03,20789499.8,14684830.02,21469999.66
2015,Primário,-39693.6,-14013557.11,0,14649465.74,-82660826.1,81985223.87,177555114.34,12199629.98,-7317385.72,-39693.6
2015,Secundário,119455726.67,16561091.19,372773.44,38792025.96,10261188.98,53468647.11,366101000.86,86015282.99,76508162.46,119455726.67
2015,Secundário,61466452.73,32506338.29,0,5387065.06,18389852.54,5183196.83,101773936.33,64286254.71,60054789.02,61466452.73
2015,Secundário,454635.15,198356.63,0,98410.83,-19283.5,177151.2,1372002.95,422457.9,330285.48,454635.15
2015,Secundário,16994409.54,5248850.69,312404.15,6872338.78,-4051671.5,8612487.41,59698991.63,14845232.2,12115953.44,16994409.54
2015,Secundário,1645881.51,173530.1,78.53,616924.99,34913.06,820434.83,5102597.36,1879338.25,1453607.65,1645881.51
2015,Secundário,230565406.68,138969348.31,6218667.33,24153213.62,-5668088.73,66892266.14,438326105.51,196910771.19,180199193.01,230565406.68
2015,Secundário,35075247.71,7632400.04,5842.88,16062968.56,318782.49,11055253.74,97746317.45,29762879.27,26279716.25,35075247.71
2015,Secundário,40081725.14,4819199.49,-14380426.27,25441289.39,-2367916.11,26569578.65,200516999.83,39620739.93,27797032.62,40081725.14
2015,Secundário,35047339.82,-442311.13,0,6281368.34,-3533607.12,32741889.73,66104601.12,34274124.94,25742309.82,35047339.82
2015,Secundário,253281447.54,160804535.09,94515.57,45409251.37,-50661716.02,97634861.53,801524456,302401407.24,245328060.37,253281447.54
2015,Secundário,15830624.14,3205610.53,-29854.09,2144616.69,3854797.01,6655454,78503351.65,16486980,13335971.55,15830624.14
2015,Secundário,19374980.17,5263586.9,81489.04,8301542.02,1048725.43,4679636.77,46821201,18738093.61,17322111.42,19374980.17
2015,Sem Setor Principal,4560663.13,748830.19,73778.49,529473.13,-1837588.28,5046169.59,4877822.12,1648402.96,1587312.33,4560663.13
2015,Terciário,195401760.42,-8957378.66,839367.07,93251331.03,103717173.58,6551267.4,811930753.15,202499354.2,186627542.9,195401760.42
2015,Terciário,5349851.69,1219678.28,1371968.68,645622.49,1774302.06,338280.17,3510935.26,737833.47,579543.12,5349851.69
2015,Terciário,68561229.64,18585059.27,0,23761251.02,963519.88,25251399.47,252636947.44,64861920.82,60397848.89,68561229.64
2015,Terciário,8183925.16,1198375.33,0,5659249.4,-62062.54,1388362.97,12266567.84,7965532.79,7336400.42,8183925.16
2015,Terciário,118625.31,47525.51,0,31196.29,10913.28,28990.22,191085.87,82954.04,80358.16,118625.31
2015,Terciário,11626973.52,1586413.22,0,5144956.81,3007221.06,1888382.43,14224763.22,11765243.58,10868041.71,11626973.52
2015,Terciário,12798153.9,2883525.36,0,4114099.78,63674.82,5736853.94,31926899.4,10115758.11,9463854.37,12798153.9
2015,Terciário,1696576.91,492289.74,0,1185050.79,-672580.84,691817.23,4429281.16,1690519.85,1434065.7,1696576.91
2015,Terciário,1297657.59,341814.17,113594.89,419869.16,79825.56,342553.81,1853942,1321081.94,1250337.69,1297657.59
2015,Terciário,29935151.4,5923723.28,4045.18,2412004.11,18722906.68,2872472.15,29075382.8,14725780.15,12402758.58,29935151.4
2015,Terciário,4168300.63,971580.07,0,1909944.83,52217.52,1234558.2,8421744.23,4731171.84,3759944.45,4168300.63
2015,Terciário,26665.63,4524.95,0,13310.69,8830,0,25681.83,19096.45,18473.89,26665.63
2015,Terciário,19286811.67,5112959.47,0,3772301.32,9660563.23,740987.66,37238471.09,10707865.13,10016566.23,19286811.67
2015,Terciário,5538760.04,1368090.56,10496.34,2318520.9,569239.55,1272412.7,11389468.74,5704212.63,5181363.43,5538760.04
2015,Terciário,51977638.23,11188276.74,-44829.68,11684183.96,-8624279.22,37774286.42,103944772.49,50853073.48,39978421.01,51977638.23
2015,Terciário,132574517.6,66881225.04,-5081855.99,20269516.35,-2496174.57,53001806.78,237590242.9,150078202.71,116689700.97,132574517.6
2016,Primário,24973259.4,4728661.44,-33932.97,4884984.01,3068467.19,12325079.73,47426923.76,22181253.31,16130209.62,24973259.4
2016,Primário,44577686.81,19386315.31,2872783.76,11553964.68,23451749.15,-12687126.1,154386151.19,59837965.51,43348580.88,44577686.81
2016,Secundário,83597321.98,10259186.49,421279.38,40160799.43,283151.82,32472904.86,354511279.57,80407863.29,69710436.92,83597321.98
2016,Secundário,57600139.7,28772439.35,0,4954351.58,17604131.09,6269217.69,96317673.47,61397804.58,56834892.52,57600139.7
2016,Secundário,1092799.49,414279.93,0,264705.19,-54446.96,468261.33,2637368.12,1159263.39,931741.98,1092799.49
2016,Secundário,6286312.97,4154703.61,-556455.58,5631023.24,-9853750,6910791.69,42503229.22,4937011.48,2931203.99,6286312.97
2016,Secundário,643449.61,196968.41,0,210676.69,21890.46,213914.04,1479128.67,720785.42,589719.82,643449.61
2016,Secundário,246845392.74,132510504.89,2138684.31,24388066.41,28980407,58827730.13,432719913.86,225213590.37,209425118.95,246845392.74
2016,Secundário,31659092.86,6710674.67,6663.08,15319117.47,162591.41,9460046.23,91727352.92,28447459.7,24836780.73,31659092.86
2016,Secundário,33328934.33,10645277.92,-8344960.69,21912153.71,-2538572.74,11655036.14,172947621.23,39995865.08,28597699.53,33328934.33
2016,Secundário,27087144.2,6749232.24,0,6085156.97,10834215.32,3418539.67,62202502.76,26553812.94,17828573.92,27087144.2
2016,Secundário,271496588.38,146499132.94,26431.63,49264181.96,-15953542.6,91660384.44,675019709.55,332077886.38,264776423.67,271496588.38
2016,Secundário,16440968.34,4918038.36,149163,2257876.93,-786981.56,9902871.62,74594641.12,18600416.9,14755889.83,16440968.34
2016,Secundário,17346232.38,4895994.22,173744.53,7465181.22,927931.72,3883380.69,41376095.33,17091156.84,15814247.14,17346232.38
2016,Sem Setor Principal,2998618.24,408610.01,24359.51,507599.31,-858815,2916864.4,2737187.76,1062676.68,999661.37,2998618.24
2016,Terciário,268104879.96,78787783.46,527511.84,95192546.22,86811459.34,6785579.1,874041912.7,266297319,249780690.05,268104879.96
2016,Terciário,4090825.38,86140.97,1505467.47,692818.53,1210978.92,595419.5,3466663.97,2652478.44,2520185.72,4090825.38
2016,Terciário,91063010.56,37071709.12,0,23842718.53,2467114.87,27681468.04,415656472.08,88001188.23,82221339,91063010.56
2016,Terciário,7478172.77,1395038.39,0,4684436.71,210257.31,1188440.35,11915441.41,7474264.91,6888481.83,7478172.77
2016,Terciário,87078.8,38924.9,0,28432.44,-10598.76,30320.22,169897.65,54666.28,52241.63,87078.8
2016,Terciário,11516848.18,903419.88,0,5270842.26,3342342.19,2000243.85,13961322.15,11567503.43,10631161.07,11516848.18
2016,Terciário,12072520.66,3360208.16,0,3552009.73,1370626.31,3789676.45,28574163.08,10602376.1,10060258.51,12072520.66
2016,Terciário,2621516.4,416958.88,0,1311665.09,18713.66,874178.77,5141829.95,2694842.52,2407818.99,2621516.4
2016,Terciário,1376463.23,329970.23,87093.6,384512.72,169999.91,404886.77,1752992.9,1426529.13,1329321.16,1376463.23
2016,Terciário,28768739.13,6080622.52,4658.23,2381286.44,17586458.87,2715713.07,28589027.17,14838264.65,12526992.97,28768739.13
2016,Terciário,4666644.51,1241024.65,0,1629088.23,610112.71,1186418.92,8708025.63,5178861.69,4168770.71,4666644.51
2016,Terciário,76579.21,5865.22,0,13853.29,8880.63,47980.07,29329.45,19326.76,18748.55,76579.21
2016,Terciário,21461053.2,5824874.54,0,3984976.41,10892772.88,758429.37,42873204.38,12293030.5,11584995.34,21461053.2
2016,Terciário,6154276.95,1525268.32,12498.65,2303081.42,903814.12,1409614.45,12097154.66,6191907.45,5557541.52,6154276.95
2016,Terciário,58981218.3,11961058.98,-124504.78,12993538.04,1229313.66,32921812.4,111569545.06,59103955.56,47390063.5,58981218.3
2016,Terciário,112118268.52,67451074.04,2198.6,16897759.01,-5248245.26,33015482.14,216110724.98,139021039.82,101767539.2,112118268.52
2017,Primário,31447126.96,6450943.38,831441.06,4842804.32,3043992.21,16277945.99,49135872.08,23029069.47,16733198.96,31447126.96
2017,Primário,79866429.63,16765312.09,2003973.4,11105522.25,29435921.86,20555700.03,156436261.08,81940038.34,66259676.76,79866429.63
2017,Secundário,77039126.8,13649246.11,419861.99,38685736.82,-51631.25,24335913.14,329163641.05,79356943.52,69608565.17,77039126.8
2017,Secundário,57005050.26,35368666.04,0,5642989.97,10264411.04,5728983.21,96437473.08,60951045.84,56393126.67,57005050.26
2017,Secundário,1117765.75,372772.94,0,297501.06,819.79,446671.95,2508110.6,1217819.68,978096.35,1117765.75
2017,Secundário,12543976.47,4445906.44,132333.1,5140707.18,-2266967.53,5091997.27,38831778.59,8153953.12,6300797.43,12543976.47
2017,Secundário,473068.75,211341.77,0,221592.45,-141434.5,181569.04,1482774.84,583526.34,444379.93,473068.75
2017,Secundário,200310668.43,114192477.59,1288314,26087366.86,15434564.98,43307944.99,415319159.27,193430124.93,177073257.87,200310668.43
2017,Secundário,30204127.74,6401184.45,-1231.65,14785655.28,1689452.81,7329066.86,87849094.83,28710602.76,25561635.25,30204127.74
2017,Secundário,40482238.28,9764096.73,-1220609.85,19420655.82,939847.52,11578248.06,174974655.8,45942709.76,36252003.34,40482238.28
2017,Secundário,31738661.97,5040599.24,0,6389597.52,7802199.68,12506265.53,71962401.77,35081432.65,25409875.55,31738661.97
2017,Secundário,292472425.83,158060931.97,53294.37,40792747.83,139249.7,93426201.97,650140667.65,341876449.88,284355191.73,292472425.83
2017,Secundário,21335526.84,6204585.87,11605.23,2601113.27,5735317.97,6782904.5,82595829.34,24329167.83,20279683.55,21335526.84
2017,Secundário,19758541.02,4714193.19,162371.25,8166288.3,3197200.1,3518488.18,43677310.76,19198420.96,17858864.07,19758541.02
2017,Sem Setor Principal,3280584.47,439543.65,60144.28,509860.06,-219257.05,2490293.53,3223524.19,391120.67,290067.82,3280584.47
2017,Terciário,257190541.45,64160634.87,827984.07,97099598.84,88125425.11,6976898.56,755747719.29,266552273.15,249179254.11,257190541.45
2017,Terciário,4473200.73,900397.78,488525.83,839812.88,1206817.2,1037647.03,5324218.75,4247355.03,3311771.54,4473200.73
2017,Terciário,96144033.34,41580588.27,479381.29,24352190.62,7358760.38,22373112.79,423815909.26,97525080.38,90993405.67,96144033.34
2017,Terciário,7939280.05,2211423.18,0,4653646.33,-55123.37,1129333.91,13580117.8,7566476.33,7059126.55,7939280.05
2017,Terciário,-28256.04,7416.05,0,26507.94,-153326.07,91146.04,146498.39,4997.21,2671.19,-28256.04
2017,Terciário,11162230.46,854799.27,0,5189547.86,3380134.66,1737748.67,13873041.67,11404422.32,10452867.91,11162230.46
2017,Terciário,9323596.3,2825471.04,0,4155330.36,261406.65,2081388.24,26160806.95,8831243.46,8153357.28,9323596.3
2017,Terciário,2529063.04,518854.24,0,1151387.71,41627.69,817193.4,4761752.06,2728654.44,2354618.48,2529063.04
2017,Terciário,1441458.34,343933.76,115891.49,428586.83,139065.34,413980.92,1828610.99,1485180.61,1375502.29,1441458.34
2017,Terciário,26371712.02,5426501.94,0,2085488.51,16841263.85,2018457.71,25550027.41,13054123.69,11040265.71,26371712.02
2017,Terciário,5366330.2,1568785.09,0,1763652.55,961914.92,1071977.65,9458044.91,5918654.73,4948365.38,5366330.2
2017,Terciário,35163.48,8362.91,0,13788.71,13011.27,0.6,33420.63,24478.68,23894.5,35163.48
2017,Terciário,22369655.43,6188456.74,87277.19,4074172.19,11298505.63,721243.66,46198272.49,15774836.48,15018701.29,22369655.43
2017,Terciário,10367402.89,2547153.39,13614.83,3661160.12,2609987.16,1535487.38,25413601.88,10421243.79,9564148.58,10367402.89
2017,Terciário,56926952.88,11598272.31,44661.05,14061942.09,2682647.07,28539430.35,120326084.19,63242139.92,50246043.35,56926952.88
2017,Terciário,112021607.73,62171204.61,7727.23,15956495.74,-2284371.26,36170551.42,208258409.42,137764249.81,98376182.09,112021607.73
2018,Primário,22163776.21,6252875.83,1480391.55,5029524.94,1575077.93,7825905.97,60131953.79,24007083.24,17253787.29,22163776.21
2018,Primário,98820999.23,13794544.87,69628.68,11825621.49,40322046.59,32809157.6,192734807.6,100913257.89,85480417.11,98820999.23
2018,Secundário,96418640.19,10459593.52,426308.74,40621529.73,-262440.06,45173648.25,357789801,79656673.3,69603097.23,96418640.19
2018,Secundário,56870209.72,31146013.31,0,5630087.59,14346424.56,5747684.26,97064031.05,61230990.91,56384454.51,56870209.72
2018,Secundário,1792947.01,395938.64,0,369177.39,420292.73,607538.25,3408008.56,1982614.83,1673514.39,1792947.01
2018,Secundário,11969948.81,3856774.42,10868.17,5076308.5,-1841241.79,4867239.51,41153904.97,11848091.7,9736532.98,11969948.81
2018,Secundário,623790.7,199829.86,0,223482.85,23808.09,176669.9,1514173.79,675767.27,590696.94,623790.7
2018,Secundário,249943557.28,128055588.71,3220392.31,25123980.52,41310791.75,52232803.99,449312909.12,226979267.51,209503709.74,249943557.28
2018,Secundário,29094639.86,6405122.29,-68265.59,14328149.54,166569.65,8263063.97,92032735.73,27750708.87,24754876.27,29094639.86
2018,Secundário,55260540.32,8768806.83,13583.01,19770445.98,11877847.79,14829856.7,211314373.13,57696336.69,49179456.5,55260540.32
2018,Secundário,45351783.37,4137317.25,0,7111369.37,5984694.64,28118402.12,87423139.1,49392226.48,39492730.3,45351783.37
2018,Secundário,366732885.44,200574068.34,65641.54,44038483.51,34365219.06,87689472.99,741050361.57,403450423.8,346853335.69,366732885.44
2018,Secundário,23618712.86,7613382.07,0,2691069.84,4170993.57,9143267.37,94612757.04,25048606.93,21019831.44,23618712.86
2018,Secundário,22155045.72,6038159.96,163218.03,7759806.77,3940339.78,4253521.18,47424163.59,21079205.81,19616398.11,22155045.72
2018,Sem Setor Principal,2536346.87,551964.18,4688.23,498035.65,-349874.69,1831533.5,3021948.24,1694779.13,1606243.69,2536346.87
2018,Terciário,250511859.65,55551494.05,1284267.63,93524759.59,93602391.55,6548946.83,668899317.95,257627025.76,240760782.93,250511859.65
2018,Terciário,5236291.31,983406.27,823846.27,935527.81,1809470.56,684040.4,6748474.06,5819056.84,4617234.23,5236291.31
2018,Terciário,110633590.47,52586572.21,986959.64,26019150.25,12289214.51,18751693.86,457508792.29,107119816.46,100361633.61,110633590.47
2018,Terciário,6497224.4,1465356.03,0,4226335.84,-78379.76,883912.29,10829403.89,6557135.18,6066863.3,6497224.4
2018,Terciário,-22931.73,-20627.96,0,20282.46,-73854.14,51267.91,118507.08,-63346.6,-65637.76,-22931.73
2018,Terciário,11267305.88,764842.4,0,5507429.44,2672103.82,2322930.22,14928061.54,11381374.4,10314470.2,11267305.88
2018,Terciário,15914513.01,3514455.87,0,4942880.93,3622538.63,3834637.58,29600903.24,12383700.04,11467409.36,15914513.01
2018,Terciário,2223814.1,542938.26,0,1311059.15,-376213.52,746030.21,4770049.38,2371364.76,2043351.25,2223814.1
2018,Terciário,1706796.03,381464.14,10046.03,591514.04,197405.04,526366.79,2404969.22,1768877.9,1609860.11,1706796.03
2018,Terciário,25232896.78,4778864.72,0,2132304.07,16971757.03,1349970.96,25939548.63,12400872.99,10183527.58,25232896.78
2018,Terciário,6030434.66,1487763.12,0,1787363.95,974317.03,1780990.56,10507075.73,6031816.62,5005225.64,6030434.66
2018,Terciário,13280.38,2255.85,0,8473.62,2550.91,0,16092.31,11006.88,10454.58,13280.38
2018,Terciário,22602554.54,6827513.25,47345.08,3916464.74,11208431.88,602799.58,49911895.08,18599102.81,17472266.68,22602554.54
2018,Terciário,21480202.36,4515254.49,10796.3,8304955.42,4134812.99,4514383.17,42773980.08,20860550.12,19390328.17,21480202.36
2018,Terciário,57142897.26,11411570.94,-21712.33,14484131.15,3309371.99,27959535.51,126244473.52,64255254.84,49815083.48,57142897.26
2018,Terciário,143284911.33,52247199.05,5847.05,15514394.31,47547768.2,27969702.73,201036819.95,137173314.17,96440675.38,143284911.33
2019,Primário,25185928.52,7858422.66,2277294.82,5275356.81,987885.67,8786968.56,72584122.44,26791331.35,19853082.9,25185928.52
2019,Primário,36060516.33,8524813.78,-2540.54,10594253.65,-6358841.82,23302831.27,204484230.76,52914429.09,34467721.84,36060516.33
2019,Secundário,93682945.02,11891260.23,463697.09,46137117.85,11781753.24,23409116.61,402862322.45,98449101.23,85301023.36,93682945.02
2019,Secundário,54648353.04,28295440.4,0,5844894.04,14745216.69,5762801.91,96285443.59,58580802.95,53109951.53,54648353.04
2019,Secundário,1116565.27,384712.89,0,530266.52,-543464.03,745049.89,3549452.5,1779768.62,1026409.95,1116565.27
2019,Secundário,15950604.91,4161063.52,48921.14,5312951.97,1446223.56,4981444.72,49227128.06,15528614.56,13413362.68,15950604.91
2019,Secundário,802281.02,201689.91,0,231171.07,-54621.63,424041.67,1740461.61,838876.9,700702.94,802281.02
2019,Secundário,245837418.49,123488360.65,3738180.81,24053456.89,49949244.62,44608175.53,460752837.11,228697074.49,209582402.2,245837418.49
2019,Secundário,33508793.5,8200639.56,176570.01,15858505.88,1064779.37,8208298.68,102153944.09,30747738.57,27767247.45,33508793.5
2019,Secundário,45469326.76,9528358.8,26486.95,18532749.94,6054535.87,11327195.19,191647719.11,50655674.2,41546024.35,45469326.76
2019,Secundário,38161774.66,5325386.11,0,7260380.56,-5291811.05,30867819.04,95376980.06,49294020.5,26645014.35,38161774.66
2019,Secundário,340542217.22,162098653.33,33734441.91,42111496.62,38968700.03,63628925.32,668584961.48,376603219.88,296955495.07,340542217.22
2019,Secundário,10383487.96,3152759.14,0,2698868.54,-3471261.91,8003122.19,79525453.42,13399869.67,8739143.48,10383487.96
2019,Secundário,21238815.06,6373163.75,139953.55,8139560.93,3440460.85,3145675.98,48213796.46,20789584.09,18391015.93,21238815.06
2019,Sem Setor Principal,2507925.12,545648.89,24810.2,495902.68,-75109.27,1516672.63,3299371.34,1931749.82,1821906.51,2507925.12
2019,Terciário,245411214.74,28079969.87,0,103451809.62,112806872.14,1072563.11,673188673.09,256599663.38,235397295.62,245411214.74
2019,Terciário,6423723.6,1582050.42,0,1020330.8,3282383.59,538958.8,7956135.49,6997999.55,5751622.32,6423723.6
2019,Terciário,122649410.81,57449889.65,511448.37,34065483.66,13154483.3,17468105.82,546480738.21,122138443.49,108981388.6,122649410.81
2019,Terciário,6428989.19,1473412.74,0,4246838.65,-66982.11,775719.9,11158288.93,6810932.22,6121064.72,6428989.19
2019,Terciário,-72115.07,-10679.95,0,18963.32,-124573.6,44175.17,44787.32,-54686.96,-56931.1,-72115.07
2019,Terciário,14889722.65,816950.83,1587853.74,6893584.53,1057103.31,4534230.24,20732681.04,16980071.17,14119929.1,14889722.65
2019,Terciário,24621432.45,6624514.64,0,8704699.79,2196765.73,7095452.28,53047430.03,22629372.61,19732903.22,24621432.45
2019,Terciário,1199107.44,273611.41,0,671028.21,65014.86,189452.97,2618014.01,1259949.77,1096205.86,1199107.44
2019,Terciário,1298861.18,328939.55,-1849.76,609963.29,-133503,495311.1,2521656.14,1416074.47,1217204.56,1298861.18
2019,Terciário,22213740.13,3520700.83,0,2182363.28,15704730.57,805945.44,23078017.6,9562671.89,7391269.22,22213740.13
2019,Terciário,7538389.22,2041635.79,0,2247252.31,1344076.15,1905424.97,12668688.24,7476934.1,6254594.27,7538389.22
2019,Terciário,14354.06,578.28,0,17376.09,-3600.31,0,33127.44,8389.83,7192.15,14354.06
2019,Terciário,27158634.28,7408554.58,37083.43,4012065.62,15246813.81,454116.83,60726219.52,20377231.56,19373865.52,27158634.28
2019,Terciário,27366208.56,6089244.47,123610.62,10549090.09,4816633.13,5787630.25,63184835.16,27272174.67,24315028.7,27366208.56
2019,Terciário,57904104.5,14706239.95,-36340.62,17853793.41,1352403.68,24028008.08,157357963.01,78782531.53,53750478.73,57904104.5
2019,Terciário,93723189.61,51877997.31,5089.55,14947235.66,1971199.58,24921667.51,196091226.29,132166334.01,86274811.45,93723189.61
2020,Primário,26106984.14,8076114.07,801049.24,5246152.4,171762.54,11811905.89,84334098.55,30242914.27,21199997.95,26106984.14
2020,Primário,101255666.08,17904943.46,-3581.62,12325267.18,34105993.76,36923043.3,277211560.98,120537059,99259556.97,101255666.08
2020,Secundário,121307420.05,15446914.26,610428.75,59206557.74,12701982.48,33341536.82,503831119.03,126155835.41,110572116.47,121307420.05
2020,Secundário,56677049.05,30731862.16,0,6309157.99,13589663.59,6046365.31,104386498.88,59662448.62,53892939.53,56677049.05
2020,Secundário,425019.68,141593.3,0,464352.63,-1002570.96,821644.71,2103446.5,1151662.26,164305.08,425019.68
2020,Secundário,24799433.64,6820638.72,23902.56,6288915.81,6912573.11,4753403.43,62997391.91,21101829.84,18370719.49,24799433.64
2020,Secundário,677907.3,231382.85,11681.97,208376.84,121432.21,105033.44,1551187.8,713363.25,645180.42,677907.3
2020,Secundário,249812932.54,119730992.95,9899349.77,22521517.26,53692951.46,43968121.1,462456376.92,231863244.32,212653895.01,249812932.54
2020,Secundário,33997621.96,8796739.02,486435.43,15954300.78,-2872784.73,11632931.46,109239562.7,32965287.18,28796669.55,33997621.96
2020,Secundário,57728245.25,14672677.41,53397.65,18406469.16,9786813.81,14808887.22,202200815.71,62549789.49,51829431.3,57728245.25
2020,Secundário,60916458.59,471232.22,0,7534183.67,-27674282.76,80585325.46,95721604.12,51057234.13,32714021.24,60916458.59
2020,Secundário,229501157.82,107038431.34,34491.05,28598203.56,7861513.41,85968518.48,575633831.18,283807345.87,206628465.73,229501157.82
2020,Secundário,13416736.91,4271045.93,0,3177458.73,-7679857.4,13648089.64,84441280.73,17165210.36,12024201.44,13416736.91
2020,Secundário,15343443.19,5153410.01,2466.13,7256824.05,-163036.31,3093779.32,40478915.36,15833160.95,13436426.47,15343443.19
2020,Sem Setor Principal,10216934.75,2518124.43,102342.59,5615544.61,162296.5,1818626.63,10934244.51,8513737.76,8230224.51,10216934.75
2020,Terciário,190094526.32,30537375.1,0,86650258.76,71953128.61,953763.86,531803206.29,206574288.52,185063267.65,190094526.32
2020,Terciário,9094035.49,2688564.13,0,1065026.91,4807983.13,532461.33,10962253.43,9865293.11,8659101.49,9094035.49
2020,Terciário,143012844.58,69180135.46,196305.67,32703926.06,16812321.59,24120155.8,703054956.16,142998383.14,125861479.93,143012844.58
2020,Terciário,10297433.4,2735910.49,-8848.64,5180074.9,925210.82,1465085.83,18936620.64,10636744.88,9481734.56,10297433.4
2020,Terciário,144204.22,57067.3,0,14000.98,1611.27,71524.67,116754.79,74374.22,73352.55,144204.22
2020,Terciário,3579809.49,1217534.19,2170650.53,6425648.67,-9917424.68,3683400.78,17854757.92,5685649.15,2790829.11,3579809.49
2020,Terciário,37456227.44,6830630.04,0,15698735.05,3250561.08,11676301.26,90406040.24,33231737.93,28005210.3,37456227.44
2020,Terciário,858459.41,213042.68,0,662079.6,-233580.24,216917.36,2355412.08,931449.39,755195.93,858459.41
2020,Terciário,-73248.3,-182903.56,-4296.32,619349.2,-1504720.57,999322.95,833063.73,123298.31,-138548,-73248.3
2020,Terciário,15836515.06,3339118.14,-477040.04,2541020.38,9175128.14,1258288.43,25572943.98,8638343.85,6095145.77,15836515.06
2020,Terciário,11620807.49,3663469.45,0,2447897.35,2694084.8,2815355.88,25549140.72,11726542.84,9861412.7,11620807.49
2020,Terciário,20864.21,3091.64,0,8052.85,2686.21,7033.5,30828.34,10334.8,9706.98,20864.21
2020,Terciário,20030970.85,5517392.93,161139.31,3793196.2,10171815.84,387426.57,53624357.41,15089542.26,14142737.77,20030970.85
2020,Terciário,39309442.41,7622576.96,106985.26,13975316.73,3798592.96,13805970.51,81041100.14,33403686.96,28826383.56,39309442.41
2020,Terciário,41045130.51,11120985.54,6950.1,14877877.59,-17338478.74,32377796.03,118598263.45,57358061.68,38399088.67,41045130.51
2020,Terciário,84946718.9,39183046.67,5593.67,13274603.82,100211.23,32383263.5,169187353.61,114434427.97,76515580.8,84946718.9
2021,Primário,36532491.26,6117603.06,6567745.3,6300868.21,4260461.61,13285813.08,101404020.48,37483684.85,25788676.05,36532491.26
2021,Primário,188308769.28,46645467.67,-16525629.73,11955604.4,157588596.58,-11355269.63,358354427.33,216292566.69,198608046.46,188308769.28
2021,Secundário,138800238.92,21071165.2,-5867.3,61479035.98,31101142.51,25154762.54,592755896.59,144891299.13,129102504.2,138800238.92
2021,Secundário,59121469.76,30742743.79,0,7753119.48,14907372.87,5718233.62,121788094.55,62887885.29,57254190.24,59121469.76
2021,Secundário,755181.6,184037.53,0,519859.88,-881633.38,932917.57,2549909.69,1440380.37,448673.57,755181.6
2021,Secundário,32200912.02,6768655.68,92176.73,7267564.23,12188588.92,5883926.46,78016596.29,28607834.34,26035383.15,32200912.02
2021,Secundário,1016252.67,357457.29,14826.21,217397.56,314673.44,111898.17,2199713.35,1011322.58,959977.1,1016252.67
2021,Secundário,273353801.68,134164455.02,12235123.7,21380998.36,56383509.49,49189715.12,543913380.31,262852507,240535960.14,273353801.68
2021,Secundário,46880726,12793143.74,691808.85,17002245.09,6486367.02,9907161.3,133387912.14,45533623.34,41993572.74,46880726
2021,Secundário,125777699.34,35327811.29,62879.32,20434270.08,46985637.92,22967100.72,332339420.75,125960507.89,116392134.11,125777699.34
2021,Secundário,73715833.33,4416632.38,0,8406980.54,22740396.67,38151823.74,127322944.67,75705157.55,57506625.71,73715833.33
2021,Secundário,445095365.09,204452147.55,1958317.23,36793266.48,117142436.73,84749197.1,806330030.13,498719361.95,421155528.77,445095365.09
2021,Secundário,46358900.85,11451296.61,0,3931268.37,18172468.68,12803867.18,152487256.76,47670678.2,42695738.38,46358900.85
2021,Secundário,18306961.93,5119473.26,124686.2,7414990.97,2288334.82,3359476.68,46303172.18,18849688.49,16645941.49,18306961.93
2021,Sem Setor Principal,17812057.14,3730393.92,16196.62,10168587.38,2041475.88,1855403.34,63241381.38,16634815.61,16180390.97,17812057.14
2021,Terciário,258961847.81,73901321.58,397179.11,85866412.13,97334039.55,1462895.45,612085499.71,273552766.87,253804890.68,258961847.81
2021,Terciário,9900088.42,3013571.12,1.06,1131571.05,4984076.24,770868.94,11025655.87,10035139.86,8918155.17,9900088.42
2021,Terciário,141050212.6,69712175.6,29871.14,35318536.11,14034364.8,21955264.96,689587457.67,144120922.14,128923196.62,141050212.6
2021,Terciário,11386479.73,2506132.56,-7116.2,5829783.2,1443632.87,1614047.29,23920846.64,11088900.44,9958403.5,11386479.73
2021,Terciário,351559.35,54764.63,12982.44,14547.27,200652.57,68612.43,180073.17,20413.51,-1725.43,351559.35
2021,Terciário,14302909.17,1160526.45,2833234.86,6504547.88,-111723.43,3916323.4,21879827.46,16342866.07,13345520.16,14302909.17
2021,Terciário,45099464.29,12019196.92,0,16982274.29,5361036.25,10736956.82,94252166.63,41897845.84,36821218.83,45099464.29
2021,Terciário,1206469.2,230605.06,0,652825.59,61195.1,261843.44,2497910.17,1200119.03,1038283.84,1206469.2
2021,Terciário,361864.1,47695.13,-4001.34,566824.52,-556858.58,308204.38,1000240.96,492161.11,260741.15,361864.1
2021,Terciário,22676888.67,3600443.75,546539.03,2748156.37,13944889.52,1836860.01,30001318.06,10428335.59,8055542.7,22676888.67
2021,Terciário,15426293.43,3832389.63,0,3909143.17,3229674.35,4455086.28,36855497.05,15537179.38,12966127.13,15426293.43
2021,Terciário,15100.93,9159.67,374.04,9143.82,-6695.67,3119.08,31345.1,11774.75,11137.62,15100.93
2021,Terciário,17356802.01,3435734.6,1514240.93,3800320.77,8054076.14,552429.57,50309188.02,11977000.55,11165892.05,17356802.01
2021,Terciário,39392116.82,7160839.18,231529.59,17360867.81,3261681.94,11377198.31,87051736.65,36976608.77,32010288.7,39392116.82
2021,Terciário,57408455.84,14120907.81,35880.02,17274715.84,-4112218.88,30089171.04,137389433.33,68087227,51263664.93,57408455.84
2021,Terciário,78282368.72,34038388.02,9664.72,13181034.28,5091900.15,25961381.54,165686119.05,110346030.51,73528933.47,78282368.72
2022,Primário,44961022,9510844,599308,6638042,8948795,19264033,138130033,43890341,33041014,44961022
2022,Primário,125652464,30787297,-1733000,11558925,94168776,-9129534,263393844,139321820,121623080,125652464
2022,Secundário,144470649,18999314,-3986,66755427,18531483,40188411,657936625,144489523,124021830,144470649
2022,Secundário,63335048,31522938,0,7878778,15623982,8309350,130181317,65180303,59242037,63335048
2022,Secundário,2032887,333039,0,649849,-151536,1201535,4065816,2522271,1510125,2032887
2022,Secundário,42004510,11626924,133320,11681128,6813319,11749819,111182685,38876652,34118871,42004510
2022,Secundário,1166583,352734,15452,234154,391724,172519,2226789,1027783,1063758,1166583
2022,Secundário,270839997,123719522,11895470,23188089,41106001,70930915,507581926,251068441,225795105,270839997
2022,Secundário,43800682,10468503,536517,17848736,3394061,11552865,140660694,41441142,38178703,43800682
2022,Secundário,93890064.14,30029434.83,286073,20980978.6,15782471.11,26811106.6,309832638,94180685.59,83802004.35,93890064.14
2022,Secundário,94247250,5556271,0,9169535,55239283,24282161,160976815,85066248,66457513,94247250
2022,Secundário,506977824,231004718,547144,32843978,194980678,47601306,992244871,566436720,487540770,506977824
2022,Secundário,24212514,10222784,0,3624166,950623,9414941,138497365,26475239,21122085,24212514
2022,Secundário,20174804.38,6867052.3,7258,8155533.48,1489828.25,3655132.35,50182033.6,20135782.37,17681159.14,20174804.38
2022,Sem Setor Principal,14955243.06,2493864.42,0,10458825,-788904.8,2791458.44,108223339,14432971.34,13748636.34,14955243.06
2022,Terciário,252537335,60078357,0,90325955,100792780,1340243,890323907,264073952,245095396,252537335
2022,Terciário,9748025,2597420,1943453,1330095,2283145,1593912,10181334,8992580,7936276,9748025
2022,Terciário,154830618.35,75952229.25,990246,37928426.3,-1808377.58,41768094.39,857536970.57,159487191.07,136606149.91,154830618.35
2022,Terciário,13499967.78,3405096.24,-6989,6794282.02,506554.09,2801024.43,27140150.33,12725603.77,11317887.16,13499967.78
2022,Terciário,197039,27000,0,34423,78082,57534,156455,42834,41138,197039
2022,Terciário,16827337.72,646406.7,3460495,7315752.63,-278495.86,5683179.25,24480796.82,18631287.93,15260290.93,16827337.72
2022,Terciário,44721938,11952238,0,16516688,646964,15606048,95465528,38901752,34246141,44721938
2022,Terciário,1087731,227609,0,420033,97358,342731,2387221,990241,870915,1087731
2022,Terciário,1020895.29,202710.61,-5412,585252,-237818,476162.68,1719558,1270139.62,1057901.54,1020895.29
2022,Terciário,26720907,3930099,0,2522366,16160350,4108092,27794548,9651036,7623629,26720907
2022,Terciário,21840512,5932336,0,5395810,2549552,7962814,53621256,21375855,17755931,21840512
2022,Terciário,29628,7716,0,16643,3691,1578,21305,-1205,-1489,29628
2022,Terciário,19204545,4011695,1720247,3114941,9879819,477843,29239808,11759621,10900549,19204545
2022,Terciário,44342792,6843899,99778,21192301,-97899,16304713,107881292,42803303,36081386,44342792
2022,Terciário,85453958,17393251,241402,20098462,7701714,40019129,195641301,94396699,74805013,85453958
2022,Terciário,83295917,42962240,5787,15647427,-9606081,34286544,194868571,128304661,71116443,83295917
